Date,Source,value
1950/01/01,CRU,NA
1950/02/01,CRU,NA
1950/03/01,CRU,NA
1950/04/01,CRU,NA
1950/05/01,CRU,NA
1950/06/01,CRU,NA
1950/07/01,CRU,NA
1950/08/01,CRU,NA
1950/09/01,CRU,NA
1950/10/01,CRU,NA
1950/11/01,CRU,NA
1950/12/01,CRU,NA
1951/01/01,CRU,NA
1951/02/01,CRU,NA
1951/03/01,CRU,NA
1951/04/01,CRU,NA
1951/05/01,CRU,NA
1951/06/01,CRU,NA
1951/07/01,CRU,NA
1951/08/01,CRU,NA
1951/09/01,CRU,NA
1951/10/01,CRU,NA
1951/11/01,CRU,NA
1951/12/01,CRU,NA
1952/01/01,CRU,NA
1952/02/01,CRU,NA
1952/03/01,CRU,NA
1952/04/01,CRU,NA
1952/05/01,CRU,NA
1952/06/01,CRU,NA
1952/07/01,CRU,NA
1952/08/01,CRU,NA
1952/09/01,CRU,NA
1952/10/01,CRU,NA
1952/11/01,CRU,NA
1952/12/01,CRU,NA
1953/01/01,CRU,NA
1953/02/01,CRU,NA
1953/03/01,CRU,NA
1953/04/01,CRU,NA
1953/05/01,CRU,NA
1953/06/01,CRU,NA
1953/07/01,CRU,NA
1953/08/01,CRU,NA
1953/09/01,CRU,NA
1953/10/01,CRU,NA
1953/11/01,CRU,NA
1953/12/01,CRU,NA
1954/01/01,CRU,NA
1954/02/01,CRU,NA
1954/03/01,CRU,NA
1954/04/01,CRU,NA
1954/05/01,CRU,NA
1954/06/01,CRU,NA
1954/07/01,CRU,NA
1954/08/01,CRU,NA
1954/09/01,CRU,NA
1954/10/01,CRU,NA
1954/11/01,CRU,NA
1954/12/01,CRU,NA
1955/01/01,CRU,NA
1955/02/01,CRU,NA
1955/03/01,CRU,NA
1955/04/01,CRU,NA
1955/05/01,CRU,NA
1955/06/01,CRU,NA
1955/07/01,CRU,NA
1955/08/01,CRU,NA
1955/09/01,CRU,NA
1955/10/01,CRU,NA
1955/11/01,CRU,NA
1955/12/01,CRU,NA
1956/01/01,CRU,NA
1956/02/01,CRU,NA
1956/03/01,CRU,NA
1956/04/01,CRU,NA
1956/05/01,CRU,NA
1956/06/01,CRU,NA
1956/07/01,CRU,NA
1956/08/01,CRU,NA
1956/09/01,CRU,NA
1956/10/01,CRU,NA
1956/11/01,CRU,NA
1956/12/01,CRU,NA
1957/01/01,CRU,NA
1957/02/01,CRU,NA
1957/03/01,CRU,NA
1957/04/01,CRU,NA
1957/05/01,CRU,NA
1957/06/01,CRU,NA
1957/07/01,CRU,NA
1957/08/01,CRU,NA
1957/09/01,CRU,NA
1957/10/01,CRU,NA
1957/11/01,CRU,NA
1957/12/01,CRU,NA
1958/01/01,CRU,NA
1958/02/01,CRU,NA
1958/03/01,CRU,NA
1958/04/01,CRU,NA
1958/05/01,CRU,NA
1958/06/01,CRU,NA
1958/07/01,CRU,NA
1958/08/01,CRU,NA
1958/09/01,CRU,NA
1958/10/01,CRU,NA
1958/11/01,CRU,NA
1958/12/01,CRU,NA
1959/01/01,CRU,NA
1959/02/01,CRU,NA
1959/03/01,CRU,NA
1959/04/01,CRU,NA
1959/05/01,CRU,NA
1959/06/01,CRU,NA
1959/07/01,CRU,NA
1959/08/01,CRU,NA
1959/09/01,CRU,NA
1959/10/01,CRU,NA
1959/11/01,CRU,NA
1959/12/01,CRU,NA
1960/01/01,CRU,NA
1960/02/01,CRU,NA
1960/03/01,CRU,NA
1960/04/01,CRU,NA
1960/05/01,CRU,NA
1960/06/01,CRU,NA
1960/07/01,CRU,NA
1960/08/01,CRU,NA
1960/09/01,CRU,NA
1960/10/01,CRU,NA
1960/11/01,CRU,NA
1960/12/01,CRU,NA
1961/01/01,CRU,0.6
1961/02/01,CRU,100.7
1961/03/01,CRU,10.2
1961/04/01,CRU,141
1961/05/01,CRU,65.2
1961/06/01,CRU,84.1
1961/07/01,CRU,302.9
1961/08/01,CRU,44
1961/09/01,CRU,278.2
1961/10/01,CRU,210.3
1961/11/01,CRU,251.8
1961/12/01,CRU,147.8
1962/01/01,CRU,43
1962/02/01,CRU,16.7
1962/03/01,CRU,124.8
1962/04/01,CRU,37.3
1962/05/01,CRU,214.6
1962/06/01,CRU,35
1962/07/01,CRU,40.1
1962/08/01,CRU,52.2
1962/09/01,CRU,16.1
1962/10/01,CRU,2.4
1962/11/01,CRU,25
1962/12/01,CRU,60.1
1963/01/01,CRU,17.4
1963/02/01,CRU,5.3
1963/03/01,CRU,69.1
1963/04/01,CRU,288.6
1963/05/01,CRU,209.7
1963/06/01,CRU,219.1
1963/07/01,CRU,77.3
1963/08/01,CRU,39.1
1963/09/01,CRU,45.6
1963/10/01,CRU,65.3
1963/11/01,CRU,87.4
1963/12/01,CRU,70.5
1964/01/01,CRU,60.3
1964/02/01,CRU,8
1964/03/01,CRU,20.1
1964/04/01,CRU,159.7
1964/05/01,CRU,281.5
1964/06/01,CRU,81.5
1964/07/01,CRU,39.9
1964/08/01,CRU,38.9
1964/09/01,CRU,39.1
1964/10/01,CRU,29.6
1964/11/01,CRU,4.8
1964/12/01,CRU,165.4
1965/01/01,CRU,28.4
1965/02/01,CRU,0
1965/03/01,CRU,7.8
1965/04/01,CRU,51.5
1965/05/01,CRU,252.7
1965/06/01,CRU,86.8
1965/07/01,CRU,22.8
1965/08/01,CRU,51.7
1965/09/01,CRU,44.7
1965/10/01,CRU,101.3
1965/11/01,CRU,130
1965/12/01,CRU,16.3
1966/01/01,CRU,73.9
1966/02/01,CRU,9
1966/03/01,CRU,56.3
1966/04/01,CRU,210.1
1966/05/01,CRU,214.3
1966/06/01,CRU,175.7
1966/07/01,CRU,29.8
1966/08/01,CRU,74.5
1966/09/01,CRU,23.6
1966/10/01,CRU,59.1
1966/11/01,CRU,210.7
1966/12/01,CRU,31.1
1967/01/01,CRU,0.6
1967/02/01,CRU,7.2
1967/03/01,CRU,7.4
1967/04/01,CRU,231.8
1967/05/01,CRU,186.3
1967/06/01,CRU,113.5
1967/07/01,CRU,101.1
1967/08/01,CRU,167.5
1967/09/01,CRU,226.4
1967/10/01,CRU,228.9
1967/11/01,CRU,162.3
1967/12/01,CRU,2.7
1968/01/01,CRU,0
1968/02/01,CRU,25.4
1968/03/01,CRU,154
1968/04/01,CRU,264.7
1968/05/01,CRU,319.3
1968/06/01,CRU,373.7
1968/07/01,CRU,88.9
1968/08/01,CRU,30.3
1968/09/01,CRU,53.2
1968/10/01,CRU,32.5
1968/11/01,CRU,177.9
1968/12/01,CRU,66
1969/01/01,CRU,7.4
1969/02/01,CRU,25.3
1969/03/01,CRU,34.7
1969/04/01,CRU,31.5
1969/05/01,CRU,171.9
1969/06/01,CRU,73.1
1969/07/01,CRU,53.3
1969/08/01,CRU,81
1969/09/01,CRU,17.5
1969/10/01,CRU,100.2
1969/11/01,CRU,105.2
1969/12/01,CRU,10.4
1970/01/01,CRU,34.2
1970/02/01,CRU,0
1970/03/01,CRU,111.3
1970/04/01,CRU,151.4
1970/05/01,CRU,251.4
1970/06/01,CRU,31.2
1970/07/01,CRU,73.1
1970/08/01,CRU,36
1970/09/01,CRU,13.2
1970/10/01,CRU,5.1
1970/11/01,CRU,10.6
1970/12/01,CRU,34.9
1971/01/01,CRU,0.2
1971/02/01,CRU,0
1971/03/01,CRU,47.5
1971/04/01,CRU,104.3
1971/05/01,CRU,224.4
1971/06/01,CRU,236.7
1971/07/01,CRU,100.1
1971/08/01,CRU,15.3
1971/09/01,CRU,47.6
1971/10/01,CRU,12.9
1971/11/01,CRU,30.5
1971/12/01,CRU,7.9
1972/01/01,CRU,34.5
1972/02/01,CRU,12.7
1972/03/01,CRU,14.1
1972/04/01,CRU,55
1972/05/01,CRU,303.1
1972/06/01,CRU,8.6
1972/07/01,CRU,100.7
1972/08/01,CRU,41.1
1972/09/01,CRU,121.3
1972/10/01,CRU,131.1
1972/11/01,CRU,135.2
1972/12/01,CRU,117.6
1973/01/01,CRU,3.2
1973/02/01,CRU,7.4
1973/03/01,CRU,28.2
1973/04/01,CRU,197.8
1973/05/01,CRU,242.5
1973/06/01,CRU,165.1
1973/07/01,CRU,10.4
1973/08/01,CRU,72.4
1973/09/01,CRU,13.6
1973/10/01,CRU,57.1
1973/11/01,CRU,76
1973/12/01,CRU,7.4
1974/01/01,CRU,4.8
1974/02/01,CRU,0.5
1974/03/01,CRU,4.5
1974/04/01,CRU,150.2
1974/05/01,CRU,97.2
1974/06/01,CRU,106
1974/07/01,CRU,210.8
1974/08/01,CRU,17.5
1974/09/01,CRU,1.3
1974/10/01,CRU,10.9
1974/11/01,CRU,14.4
1974/12/01,CRU,5.7
1975/01/01,CRU,0.7
1975/02/01,CRU,0.9
1975/03/01,CRU,13.7
1975/04/01,CRU,102.9
1975/05/01,CRU,242.2
1975/06/01,CRU,115.5
1975/07/01,CRU,101.5
1975/08/01,CRU,15.3
1975/09/01,CRU,33
1975/10/01,CRU,16.9
1975/11/01,CRU,28
1975/12/01,CRU,23.9
1976/01/01,CRU,8.4
1976/02/01,CRU,0.5
1976/03/01,CRU,14.2
1976/04/01,CRU,132.6
1976/05/01,CRU,249.3
1976/06/01,CRU,74
1976/07/01,CRU,77.7
1976/08/01,CRU,35.9
1976/09/01,CRU,184.5
1976/10/01,CRU,6.6
1976/11/01,CRU,62.1
1976/12/01,CRU,4
1977/01/01,CRU,5.7
1977/02/01,CRU,5.5
1977/03/01,CRU,14.1
1977/04/01,CRU,134.8
1977/05/01,CRU,91.6
1977/06/01,CRU,145.1
1977/07/01,CRU,13.6
1977/08/01,CRU,99.5
1977/09/01,CRU,53.6
1977/10/01,CRU,178.1
1977/11/01,CRU,117.7
1977/12/01,CRU,74.5
1978/01/01,CRU,26.2
1978/02/01,CRU,10
1978/03/01,CRU,164.8
1978/04/01,CRU,162.4
1978/05/01,CRU,299.3
1978/06/01,CRU,64.4
1978/07/01,CRU,39
1978/08/01,CRU,20.4
1978/09/01,CRU,11.8
1978/10/01,CRU,43.4
1978/11/01,CRU,197.6
1978/12/01,CRU,148
1979/01/01,CRU,110.8
1979/02/01,CRU,27.6
1979/03/01,CRU,71.5
1979/04/01,CRU,108.4
1979/05/01,CRU,385.5
1979/06/01,CRU,218.6
1979/07/01,CRU,156.7
1979/08/01,CRU,22.8
1979/09/01,CRU,48.7
1979/10/01,CRU,13.9
1979/11/01,CRU,45.3
1979/12/01,CRU,76.2
1980/01/01,CRU,5.8
1980/02/01,CRU,12.5
1980/03/01,CRU,12.6
1980/04/01,CRU,38.1
1980/05/01,CRU,51.8
1980/06/01,CRU,67.5
1980/07/01,CRU,91.5
1980/08/01,CRU,191.4
1980/09/01,CRU,37.7
1980/10/01,CRU,8.8
1980/11/01,CRU,159.1
1980/12/01,CRU,80.9
1981/01/01,CRU,12.6
1981/02/01,CRU,0.1
1981/03/01,CRU,171.5
1981/04/01,CRU,84.4
1981/05/01,CRU,178.5
1981/06/01,CRU,75.5
1981/07/01,CRU,55
1981/08/01,CRU,57.7
1981/09/01,CRU,54.1
1981/10/01,CRU,52.5
1981/11/01,CRU,41.6
1981/12/01,CRU,47.6
1982/01/01,CRU,4.7
1982/02/01,CRU,0
1982/03/01,CRU,93.2
1982/04/01,CRU,148.6
1982/05/01,CRU,397.4
1982/06/01,CRU,143.3
1982/07/01,CRU,156.8
1982/08/01,CRU,35.9
1982/09/01,CRU,85.4
1982/10/01,CRU,243.6
1982/11/01,CRU,120.1
1982/12/01,CRU,126.3
1983/01/01,CRU,2.5
1983/02/01,CRU,23.4
1983/03/01,CRU,19.4
1983/04/01,CRU,94.3
1983/05/01,CRU,347.1
1983/06/01,CRU,139.9
1983/07/01,CRU,112.3
1983/08/01,CRU,24.3
1983/09/01,CRU,67.4
1983/10/01,CRU,25.7
1983/11/01,CRU,18.5
1983/12/01,CRU,39
1984/01/01,CRU,2.2
1984/02/01,CRU,0.1
1984/03/01,CRU,14.6
1984/04/01,CRU,177.2
1984/05/01,CRU,192.1
1984/06/01,CRU,214.5
1984/07/01,CRU,138.5
1984/08/01,CRU,16
1984/09/01,CRU,33.8
1984/10/01,CRU,86.6
1984/11/01,CRU,95.9
1984/12/01,CRU,46.9
1985/01/01,CRU,4.5
1985/02/01,CRU,32.3
1985/03/01,CRU,34.8
1985/04/01,CRU,158.6
1985/05/01,CRU,200
1985/06/01,CRU,35.1
1985/07/01,CRU,81.7
1985/08/01,CRU,62.6
1985/09/01,CRU,33.6
1985/10/01,CRU,27.2
1985/11/01,CRU,32
1985/12/01,CRU,24.5
1986/01/01,CRU,17.5
1986/02/01,CRU,0
1986/03/01,CRU,31
1986/04/01,CRU,165.1
1986/05/01,CRU,555.4
1986/06/01,CRU,25.6
1986/07/01,CRU,25.1
1986/08/01,CRU,48.5
1986/09/01,CRU,24.7
1986/10/01,CRU,20.2
1986/11/01,CRU,63.8
1986/12/01,CRU,33.7
1987/01/01,CRU,12.9
1987/02/01,CRU,3.6
1987/03/01,CRU,0.9
1987/04/01,CRU,168
1987/05/01,CRU,248.6
1987/06/01,CRU,73.2
1987/07/01,CRU,160.5
1987/08/01,CRU,188.3
1987/09/01,CRU,17
1987/10/01,CRU,20.1
1987/11/01,CRU,29.3
1987/12/01,CRU,12.2
1988/01/01,CRU,17.9
1988/02/01,CRU,6.3
1988/03/01,CRU,54.4
1988/04/01,CRU,99.8
1988/05/01,CRU,67.5
1988/06/01,CRU,156
1988/07/01,CRU,22.4
1988/08/01,CRU,45.9
1988/09/01,CRU,72.4
1988/10/01,CRU,38.1
1988/11/01,CRU,98.2
1988/12/01,CRU,82.4
1989/01/01,CRU,12.8
1989/02/01,CRU,0.6
1989/03/01,CRU,15.1
1989/04/01,CRU,163.1
1989/05/01,CRU,127.2
1989/06/01,CRU,133.1
1989/07/01,CRU,76.1
1989/08/01,CRU,41.6
1989/09/01,CRU,30.7
1989/10/01,CRU,65
1989/11/01,CRU,152.1
1989/12/01,CRU,43.3
1990/01/01,CRU,16.4
1990/02/01,CRU,42.7
1990/03/01,CRU,130.7
1990/04/01,CRU,154
1990/05/01,CRU,137.1
1990/06/01,CRU,41.1
1990/07/01,CRU,20
1990/08/01,CRU,9.8
1990/09/01,CRU,66.8
1990/10/01,CRU,116.3
1990/11/01,CRU,46.2
1990/12/01,CRU,75
1991/01/01,CRU,3.7
1991/02/01,CRU,8.7
1991/03/01,CRU,49.3
1991/04/01,CRU,105.7
1991/05/01,CRU,377.2
1991/06/01,CRU,77.8
1991/07/01,CRU,177.5
1991/08/01,CRU,65.9
1991/09/01,CRU,18.4
1991/10/01,CRU,16.6
1991/11/01,CRU,13
1991/12/01,CRU,31
1992/01/01,CRU,1.8
1992/02/01,CRU,8.3
1992/03/01,CRU,6.5
1992/04/01,CRU,87
1992/05/01,CRU,196.7
1992/06/01,CRU,90
1992/07/01,CRU,95.2
1992/08/01,CRU,28.9
1992/09/01,CRU,34.3
1992/10/01,CRU,18.5
1992/11/01,CRU,64
1992/12/01,CRU,103.3
1993/01/01,CRU,36
1993/02/01,CRU,3.8
1993/03/01,CRU,30
1993/04/01,CRU,107.8
1993/05/01,CRU,128.7
1993/06/01,CRU,219.2
1993/07/01,CRU,42.8
1993/08/01,CRU,35.3
1993/09/01,CRU,18.2
1993/10/01,CRU,41.6
1993/11/01,CRU,41.7
1993/12/01,CRU,82.1
1994/01/01,CRU,1.7
1994/02/01,CRU,4.6
1994/03/01,CRU,16.4
1994/04/01,CRU,170
1994/05/01,CRU,358.5
1994/06/01,CRU,34.5
1994/07/01,CRU,155.1
1994/08/01,CRU,45.2
1994/09/01,CRU,101.6
1994/10/01,CRU,76
1994/11/01,CRU,157.3
1994/12/01,CRU,94.4
1995/01/01,CRU,9
1995/02/01,CRU,5.5
1995/03/01,CRU,33.9
1995/04/01,CRU,101.1
1995/05/01,CRU,155.7
1995/06/01,CRU,7.4
1995/07/01,CRU,67.2
1995/08/01,CRU,57.1
1995/09/01,CRU,19.5
1995/10/01,CRU,64.3
1995/11/01,CRU,112.5
1995/12/01,CRU,80.2
1996/01/01,CRU,4.5
1996/02/01,CRU,38.4
1996/03/01,CRU,65.8
1996/04/01,CRU,136.3
1996/05/01,CRU,299.5
1996/06/01,CRU,46
1996/07/01,CRU,67.1
1996/08/01,CRU,11.9
1996/09/01,CRU,30.8
1996/10/01,CRU,5.9
1996/11/01,CRU,60.2
1996/12/01,CRU,5.6
1997/01/01,CRU,0.1
1997/02/01,CRU,0
1997/03/01,CRU,26.4
1997/04/01,CRU,221
1997/05/01,CRU,296.6
1997/06/01,CRU,182.1
1997/07/01,CRU,132.2
1997/08/01,CRU,9.1
1997/09/01,CRU,80.9
1997/10/01,CRU,120.5
1997/11/01,CRU,280.7
1997/12/01,CRU,202.7
1998/01/01,CRU,30.7
1998/02/01,CRU,132.9
1998/03/01,CRU,39.7
1998/04/01,CRU,324.5
1998/05/01,CRU,198.5
1998/06/01,CRU,184
1998/07/01,CRU,67.7
1998/08/01,CRU,23
1998/09/01,CRU,22.3
1998/10/01,CRU,10.8
1998/11/01,CRU,86.1
1998/12/01,CRU,13.2
1999/01/01,CRU,16.2
1999/02/01,CRU,2.3
1999/03/01,CRU,23.7
1999/04/01,CRU,239.6
1999/05/01,CRU,202.9
1999/06/01,CRU,155.5
1999/07/01,CRU,110.7
1999/08/01,CRU,90
1999/09/01,CRU,83.5
1999/10/01,CRU,19.7
1999/11/01,CRU,114.5
1999/12/01,CRU,32.8
1950/01/01,GPCC,8.9
1950/02/01,GPCC,4.75
1950/03/01,GPCC,20.58
1950/04/01,GPCC,51.42
1950/05/01,GPCC,160.66
1950/06/01,GPCC,63.71
1950/07/01,GPCC,106.58
1950/08/01,GPCC,25.77
1950/09/01,GPCC,17.94
1950/10/01,GPCC,0
1950/11/01,GPCC,60.06
1950/12/01,GPCC,36.94
1951/01/01,GPCC,11.04
1951/02/01,GPCC,6.43
1951/03/01,GPCC,39.67
1951/04/01,GPCC,126.29
1951/05/01,GPCC,465.36
1951/06/01,GPCC,100.52
1951/07/01,GPCC,87.89
1951/08/01,GPCC,29.72
1951/09/01,GPCC,21.61
1951/10/01,GPCC,184.69
1951/11/01,GPCC,109.61
1951/12/01,GPCC,121.67
1952/01/01,GPCC,14.33
1952/02/01,GPCC,9.23
1952/03/01,GPCC,26.06
1952/04/01,GPCC,20.72
1952/05/01,GPCC,81.36
1952/06/01,GPCC,71.09
1952/07/01,GPCC,0
1952/08/01,GPCC,3.65
1952/09/01,GPCC,70.17
1952/10/01,GPCC,0
1952/11/01,GPCC,46.94
1952/12/01,GPCC,70.16
1953/01/01,GPCC,36.44
1953/02/01,GPCC,8.2
1953/03/01,GPCC,60.78
1953/04/01,GPCC,211.7
1953/05/01,GPCC,197.34
1953/06/01,GPCC,0
1953/07/01,GPCC,44.92
1953/08/01,GPCC,48.88
1953/09/01,GPCC,44.71
1953/10/01,GPCC,61.49
1953/11/01,GPCC,45.49
1953/12/01,GPCC,60.62
1954/01/01,GPCC,10.36
1954/02/01,GPCC,12.06
1954/03/01,GPCC,11.37
1954/04/01,GPCC,76.07
1954/05/01,GPCC,87.02
1954/06/01,GPCC,0
1954/07/01,GPCC,7.27
1954/08/01,GPCC,54.25
1954/09/01,GPCC,1.21
1954/10/01,GPCC,0
1954/11/01,GPCC,22.79
1954/12/01,GPCC,44.17
1955/01/01,GPCC,18.04
1955/02/01,GPCC,16.27
1955/03/01,GPCC,41.17
1955/04/01,GPCC,74.14
1955/05/01,GPCC,321.22
1955/06/01,GPCC,139.01
1955/07/01,GPCC,34.17
1955/08/01,GPCC,0
1955/09/01,GPCC,0
1955/10/01,GPCC,0
1955/11/01,GPCC,36.01
1955/12/01,GPCC,74.98
1956/01/01,GPCC,108.74
1956/02/01,GPCC,18.99
1956/03/01,GPCC,29.9
1956/04/01,GPCC,39.5
1956/05/01,GPCC,51.3
1956/06/01,GPCC,67.87
1956/07/01,GPCC,10.73
1956/08/01,GPCC,0
1956/09/01,GPCC,12.57
1956/10/01,GPCC,7.81
1956/11/01,GPCC,77.99
1956/12/01,GPCC,64.36
1957/01/01,GPCC,67.99
1957/02/01,GPCC,4.65
1957/03/01,GPCC,32.79
1957/04/01,GPCC,81.42
1957/05/01,GPCC,151.71
1957/06/01,GPCC,44.2
1957/07/01,GPCC,12.55
1957/08/01,GPCC,22.35
1957/09/01,GPCC,56.56
1957/10/01,GPCC,0
1957/11/01,GPCC,189.48
1957/12/01,GPCC,171.46
1958/01/01,GPCC,9.89
1958/02/01,GPCC,13.12
1958/03/01,GPCC,61.08
1958/04/01,GPCC,0
1958/05/01,GPCC,79.72
1958/06/01,GPCC,194.52
1958/07/01,GPCC,11.81
1958/08/01,GPCC,13.48
1958/09/01,GPCC,8.12
1958/10/01,GPCC,0
1958/11/01,GPCC,26.31
1958/12/01,GPCC,50.44
1959/01/01,GPCC,18.78
1959/02/01,GPCC,8.38
1959/03/01,GPCC,7.21
1959/04/01,GPCC,335.48
1959/05/01,GPCC,0
1959/06/01,GPCC,157.99
1959/07/01,GPCC,60.7
1959/08/01,GPCC,63.34
1959/09/01,GPCC,0
1959/10/01,GPCC,0
1959/11/01,GPCC,18.3
1959/12/01,GPCC,51.58
1960/01/01,GPCC,11.72
1960/02/01,GPCC,4.53
1960/03/01,GPCC,166.27
1960/04/01,GPCC,262.63
1960/05/01,GPCC,143.08
1960/06/01,GPCC,194.48
1960/07/01,GPCC,24.74
1960/08/01,GPCC,0
1960/09/01,GPCC,4.4
1960/10/01,GPCC,93.53
1960/11/01,GPCC,22.44
1960/12/01,GPCC,39.32
1961/01/01,GPCC,11.54
1961/02/01,GPCC,44.53
1961/03/01,GPCC,4.14
1961/04/01,GPCC,86.43
1961/05/01,GPCC,0
1961/06/01,GPCC,54.84
1961/07/01,GPCC,309
1961/08/01,GPCC,36.16
1961/09/01,GPCC,424.4
1961/10/01,GPCC,176.43
1961/11/01,GPCC,237.45
1961/12/01,GPCC,133
1962/01/01,GPCC,39.12
1962/02/01,GPCC,8.15
1962/03/01,GPCC,105.56
1962/04/01,GPCC,0
1962/05/01,GPCC,157.74
1962/06/01,GPCC,0
1962/07/01,GPCC,19.49
1962/08/01,GPCC,26.84
1962/09/01,GPCC,0
1962/10/01,GPCC,0
1962/11/01,GPCC,26.17
1962/12/01,GPCC,79.23
1963/01/01,GPCC,18.62
1963/02/01,GPCC,3.97
1963/03/01,GPCC,64.47
1963/04/01,GPCC,336.94
1963/05/01,GPCC,127.59
1963/06/01,GPCC,84.66
1963/07/01,GPCC,30.37
1963/08/01,GPCC,35.29
1963/09/01,GPCC,18.28
1963/10/01,GPCC,31.35
1963/11/01,GPCC,99.18
1963/12/01,GPCC,87.7
1964/01/01,GPCC,57.62
1964/02/01,GPCC,5.76
1964/03/01,GPCC,14.73
1964/04/01,GPCC,101.08
1964/05/01,GPCC,225.89
1964/06/01,GPCC,48.42
1964/07/01,GPCC,3.99
1964/08/01,GPCC,26.9
1964/09/01,GPCC,17.98
1964/10/01,GPCC,12.86
1964/11/01,GPCC,18.28
1964/12/01,GPCC,147.97
1965/01/01,GPCC,30.34
1965/02/01,GPCC,3.08
1965/03/01,GPCC,2.81
1965/04/01,GPCC,0
1965/05/01,GPCC,75.2
1965/06/01,GPCC,57.08
1965/07/01,GPCC,0
1965/08/01,GPCC,24.72
1965/09/01,GPCC,34.82
1965/10/01,GPCC,79.77
1965/11/01,GPCC,157.21
1965/12/01,GPCC,36.5
1966/01/01,GPCC,50.43
1966/02/01,GPCC,7.62
1966/03/01,GPCC,43.39
1966/04/01,GPCC,175.27
1966/05/01,GPCC,125.95
1966/06/01,GPCC,126.79
1966/07/01,GPCC,5.29
1966/08/01,GPCC,66.78
1966/09/01,GPCC,5.49
1966/10/01,GPCC,64.19
1966/11/01,GPCC,196.68
1966/12/01,GPCC,52.23
1967/01/01,GPCC,10.3
1967/02/01,GPCC,9.76
1967/03/01,GPCC,1.69
1967/04/01,GPCC,137.56
1967/05/01,GPCC,96.15
1967/06/01,GPCC,58.08
1967/07/01,GPCC,41.88
1967/08/01,GPCC,129.35
1967/09/01,GPCC,153.09
1967/10/01,GPCC,234.17
1967/11/01,GPCC,166.01
1967/12/01,GPCC,39.4
1968/01/01,GPCC,10.13
1968/02/01,GPCC,112.16
1968/03/01,GPCC,140.12
1968/04/01,GPCC,249.28
1968/05/01,GPCC,231.65
1968/06/01,GPCC,182.17
1968/07/01,GPCC,96.92
1968/08/01,GPCC,20.78
1968/09/01,GPCC,32.61
1968/10/01,GPCC,7.12
1968/11/01,GPCC,196.86
1968/12/01,GPCC,69.08
1969/01/01,GPCC,19.88
1969/02/01,GPCC,39.15
1969/03/01,GPCC,71.46
1969/04/01,GPCC,36.6
1969/05/01,GPCC,87
1969/06/01,GPCC,56.45
1969/07/01,GPCC,50.36
1969/08/01,GPCC,72.52
1969/09/01,GPCC,10.56
1969/10/01,GPCC,97.64
1969/11/01,GPCC,162.56
1969/12/01,GPCC,55.12
1970/01/01,GPCC,13.33
1970/02/01,GPCC,0.5
1970/03/01,GPCC,75.4
1970/04/01,GPCC,90.69
1970/05/01,GPCC,160.87
1970/06/01,GPCC,22.92
1970/07/01,GPCC,41.12
1970/08/01,GPCC,23.49
1970/09/01,GPCC,17.65
1970/10/01,GPCC,19.36
1970/11/01,GPCC,33.25
1970/12/01,GPCC,79.53
1971/01/01,GPCC,1.86
1971/02/01,GPCC,0.85
1971/03/01,GPCC,19.25
1971/04/01,GPCC,70.15
1971/05/01,GPCC,118.92
1971/06/01,GPCC,142.68
1971/07/01,GPCC,39.76
1971/08/01,GPCC,8.74
1971/09/01,GPCC,17.92
1971/10/01,GPCC,3.15
1971/11/01,GPCC,46.04
1971/12/01,GPCC,56.57
1972/01/01,GPCC,35.76
1972/02/01,GPCC,27.44
1972/03/01,GPCC,18.81
1972/04/01,GPCC,60.72
1972/05/01,GPCC,223.09
1972/06/01,GPCC,7.33
1972/07/01,GPCC,40.57
1972/08/01,GPCC,40.08
1972/09/01,GPCC,106.55
1972/10/01,GPCC,130.42
1972/11/01,GPCC,100.59
1972/12/01,GPCC,65.99
1973/01/01,GPCC,21.05
1973/02/01,GPCC,8.82
1973/03/01,GPCC,8.23
1973/04/01,GPCC,133
1973/05/01,GPCC,161.49
1973/06/01,GPCC,114.81
1973/07/01,GPCC,14.95
1973/08/01,GPCC,41.82
1973/09/01,GPCC,2.96
1973/10/01,GPCC,22.16
1973/11/01,GPCC,45.13
1973/12/01,GPCC,24.4
1974/01/01,GPCC,6.97
1974/02/01,GPCC,2.56
1974/03/01,GPCC,2.14
1974/04/01,GPCC,72.03
1974/05/01,GPCC,86.32
1974/06/01,GPCC,71.11
1974/07/01,GPCC,80.09
1974/08/01,GPCC,6.13
1974/09/01,GPCC,11.59
1974/10/01,GPCC,6.55
1974/11/01,GPCC,85.23
1974/12/01,GPCC,43.74
1975/01/01,GPCC,18.69
1975/02/01,GPCC,4.29
1975/03/01,GPCC,19.75
1975/04/01,GPCC,49.63
1975/05/01,GPCC,134.56
1975/06/01,GPCC,65.67
1975/07/01,GPCC,53.88
1975/08/01,GPCC,7.26
1975/09/01,GPCC,28.63
1975/10/01,GPCC,40.84
1975/11/01,GPCC,46.93
1975/12/01,GPCC,43.93
1976/01/01,GPCC,21.25
1976/02/01,GPCC,22.64
1976/03/01,GPCC,23.84
1976/04/01,GPCC,97.54
1976/05/01,GPCC,110.57
1976/06/01,GPCC,55.7
1976/07/01,GPCC,121.44
1976/08/01,GPCC,16.94
1976/09/01,GPCC,86
1976/10/01,GPCC,7.7
1976/11/01,GPCC,41.26
1976/12/01,GPCC,114.33
1977/01/01,GPCC,23.14
1977/02/01,GPCC,1.19
1977/03/01,GPCC,48.86
1977/04/01,GPCC,80.7
1977/05/01,GPCC,55.87
1977/06/01,GPCC,53.7
1977/07/01,GPCC,18.81
1977/08/01,GPCC,94.61
1977/09/01,GPCC,48.1
1977/10/01,GPCC,204.75
1977/11/01,GPCC,127.01
1977/12/01,GPCC,88.35
1978/01/01,GPCC,43.63
1978/02/01,GPCC,30.12
1978/03/01,GPCC,121.72
1978/04/01,GPCC,221.4
1978/05/01,GPCC,207.81
1978/06/01,GPCC,83.11
1978/07/01,GPCC,30.26
1978/08/01,GPCC,24.28
1978/09/01,GPCC,9.91
1978/10/01,GPCC,33.93
1978/11/01,GPCC,176.41
1978/12/01,GPCC,124.73
1979/01/01,GPCC,80.91
1979/02/01,GPCC,26.63
1979/03/01,GPCC,72.75
1979/04/01,GPCC,82.32
1979/05/01,GPCC,309.76
1979/06/01,GPCC,84.08
1979/07/01,GPCC,59.16
1979/08/01,GPCC,20.22
1979/09/01,GPCC,28.63
1979/10/01,GPCC,24.96
1979/11/01,GPCC,40.29
1979/12/01,GPCC,70.49
1980/01/01,GPCC,7.84
1980/02/01,GPCC,4.9
1980/03/01,GPCC,29.1
1980/04/01,GPCC,41.54
1980/05/01,GPCC,40.53
1980/06/01,GPCC,43.09
1980/07/01,GPCC,67.93
1980/08/01,GPCC,137.15
1980/09/01,GPCC,20.91
1980/10/01,GPCC,6.13
1980/11/01,GPCC,96.76
1980/12/01,GPCC,67.64
1981/01/01,GPCC,10.39
1981/02/01,GPCC,0.64
1981/03/01,GPCC,218.93
1981/04/01,GPCC,76.31
1981/05/01,GPCC,56.46
1981/06/01,GPCC,38.57
1981/07/01,GPCC,23.81
1981/08/01,GPCC,47.83
1981/09/01,GPCC,28.08
1981/10/01,GPCC,53.84
1981/11/01,GPCC,71.03
1981/12/01,GPCC,103.03
1982/01/01,GPCC,4.08
1982/02/01,GPCC,0.58
1982/03/01,GPCC,23.2
1982/04/01,GPCC,146.53
1982/05/01,GPCC,320.64
1982/06/01,GPCC,88.74
1982/07/01,GPCC,76.01
1982/08/01,GPCC,15.56
1982/09/01,GPCC,50.57
1982/10/01,GPCC,160.45
1982/11/01,GPCC,111.36
1982/12/01,GPCC,72.83
1983/01/01,GPCC,10.27
1983/02/01,GPCC,13.83
1983/03/01,GPCC,17.23
1983/04/01,GPCC,76.6
1983/05/01,GPCC,269.11
1983/06/01,GPCC,144.04
1983/07/01,GPCC,72.42
1983/08/01,GPCC,18.23
1983/09/01,GPCC,40.45
1983/10/01,GPCC,22.34
1983/11/01,GPCC,42.12
1983/12/01,GPCC,34.16
1984/01/01,GPCC,0.06
1984/02/01,GPCC,0
1984/03/01,GPCC,11.07
1984/04/01,GPCC,114.92
1984/05/01,GPCC,151.86
1984/06/01,GPCC,120.63
1984/07/01,GPCC,79.48
1984/08/01,GPCC,9.69
1984/09/01,GPCC,14.63
1984/10/01,GPCC,52.87
1984/11/01,GPCC,119.24
1984/12/01,GPCC,67.1
1985/01/01,GPCC,24.51
1985/02/01,GPCC,42.21
1985/03/01,GPCC,27.69
1985/04/01,GPCC,88.42
1985/05/01,GPCC,158.58
1985/06/01,GPCC,18.26
1985/07/01,GPCC,57.48
1985/08/01,GPCC,36.8
1985/09/01,GPCC,16.95
1985/10/01,GPCC,15.84
1985/11/01,GPCC,65.73
1985/12/01,GPCC,49.28
1986/01/01,GPCC,12.2
1986/02/01,GPCC,0.38
1986/03/01,GPCC,43.94
1986/04/01,GPCC,131.41
1986/05/01,GPCC,326.15
1986/06/01,GPCC,20.76
1986/07/01,GPCC,17.39
1986/08/01,GPCC,40.67
1986/09/01,GPCC,19.04
1986/10/01,GPCC,37.93
1986/11/01,GPCC,119.69
1986/12/01,GPCC,75.47
1987/01/01,GPCC,6.97
1987/02/01,GPCC,4.8
1987/03/01,GPCC,20.97
1987/04/01,GPCC,124.51
1987/05/01,GPCC,98.11
1987/06/01,GPCC,34.67
1987/07/01,GPCC,49.99
1987/08/01,GPCC,190.81
1987/09/01,GPCC,8.62
1987/10/01,GPCC,35.93
1987/11/01,GPCC,41.94
1987/12/01,GPCC,29.62
1988/01/01,GPCC,67.76
1988/02/01,GPCC,0.79
1988/03/01,GPCC,85.89
1988/04/01,GPCC,99.48
1988/05/01,GPCC,34.46
1988/06/01,GPCC,141.34
1988/07/01,GPCC,12.14
1988/08/01,GPCC,27.44
1988/09/01,GPCC,52.03
1988/10/01,GPCC,23.88
1988/11/01,GPCC,99.82
1988/12/01,GPCC,158.26
1989/01/01,GPCC,14.55
1989/02/01,GPCC,0.87
1989/03/01,GPCC,30.66
1989/04/01,GPCC,120.75
1989/05/01,GPCC,37.32
1989/06/01,GPCC,121.49
1989/07/01,GPCC,70.65
1989/08/01,GPCC,46.21
1989/09/01,GPCC,25.69
1989/10/01,GPCC,68.05
1989/11/01,GPCC,155.9
1989/12/01,GPCC,93.95
1990/01/01,GPCC,14.66
1990/02/01,GPCC,12.37
1990/03/01,GPCC,93.3
1990/04/01,GPCC,70.49
1990/05/01,GPCC,94.23
1990/06/01,GPCC,23.72
1990/07/01,GPCC,8.13
1990/08/01,GPCC,0
1990/09/01,GPCC,73.6
1990/10/01,GPCC,168.38
1990/11/01,GPCC,97.8
1990/12/01,GPCC,67.82
1991/01/01,GPCC,94.63
1991/02/01,GPCC,9.93
1991/03/01,GPCC,38.52
1991/04/01,GPCC,53.63
1991/05/01,GPCC,128.09
1991/06/01,GPCC,0
1991/07/01,GPCC,114.01
1991/08/01,GPCC,11.58
1991/09/01,GPCC,7.07
1991/10/01,GPCC,16.64
1991/11/01,GPCC,53.37
1991/12/01,GPCC,113.6
1992/01/01,GPCC,10.79
1992/02/01,GPCC,2.99
1992/03/01,GPCC,2.73
1992/04/01,GPCC,16.82
1992/05/01,GPCC,76.06
1992/06/01,GPCC,31.43
1992/07/01,GPCC,95.48
1992/08/01,GPCC,22.06
1992/09/01,GPCC,18.02
1992/10/01,GPCC,0
1992/11/01,GPCC,95
1992/12/01,GPCC,122.27
1993/01/01,GPCC,83.7
1993/02/01,GPCC,70.31
1993/03/01,GPCC,42.7
1993/04/01,GPCC,0
1993/05/01,GPCC,103.23
1993/06/01,GPCC,33.29
1993/07/01,GPCC,0
1993/08/01,GPCC,21.35
1993/09/01,GPCC,13.99
1993/10/01,GPCC,46.74
1993/11/01,GPCC,52.49
1993/12/01,GPCC,81.53
1994/01/01,GPCC,10.46
1994/02/01,GPCC,0.98
1994/03/01,GPCC,12.56
1994/04/01,GPCC,214.75
1994/05/01,GPCC,354.31
1994/06/01,GPCC,20.01
1994/07/01,GPCC,121.06
1994/08/01,GPCC,37.64
1994/09/01,GPCC,74.27
1994/10/01,GPCC,75.98
1994/11/01,GPCC,122.29
1994/12/01,GPCC,126.09
1995/01/01,GPCC,13.71
1995/02/01,GPCC,4.28
1995/03/01,GPCC,28.5
1995/04/01,GPCC,43.16
1995/05/01,GPCC,123.23
1995/06/01,GPCC,0
1995/07/01,GPCC,46.93
1995/08/01,GPCC,62.23
1995/09/01,GPCC,4.3
1995/10/01,GPCC,59.01
1995/11/01,GPCC,101.41
1995/12/01,GPCC,83.56
1996/01/01,GPCC,13.7
1996/02/01,GPCC,14.93
1996/03/01,GPCC,66.08
1996/04/01,GPCC,89.95
1996/05/01,GPCC,244.87
1996/06/01,GPCC,0
1996/07/01,GPCC,45.34
1996/08/01,GPCC,39.9
1996/09/01,GPCC,0
1996/10/01,GPCC,0
1996/11/01,GPCC,49.5
1996/12/01,GPCC,28.86
1997/01/01,GPCC,9.22
1997/02/01,GPCC,2.24
1997/03/01,GPCC,18.47
1997/04/01,GPCC,191.63
1997/05/01,GPCC,187.23
1997/06/01,GPCC,110.38
1997/07/01,GPCC,120.43
1997/08/01,GPCC,4.33
1997/09/01,GPCC,71.9
1997/10/01,GPCC,539.24
1997/11/01,GPCC,285.95
1997/12/01,GPCC,202.7
1998/01/01,GPCC,154.29
1998/02/01,GPCC,38.3
1998/03/01,GPCC,38.33
1998/04/01,GPCC,309.58
1998/05/01,GPCC,75.6
1998/06/01,GPCC,219.36
1998/07/01,GPCC,29.6
1998/08/01,GPCC,13.07
1998/09/01,GPCC,2.41
1998/10/01,GPCC,0
1998/11/01,GPCC,87.97
1998/12/01,GPCC,44.11
1999/01/01,GPCC,17.08
1999/02/01,GPCC,4.65
1999/03/01,GPCC,26.47
1999/04/01,GPCC,241.86
1999/05/01,GPCC,160.7
1999/06/01,GPCC,82.13
1999/07/01,GPCC,57.62
1999/08/01,GPCC,74.24
1999/09/01,GPCC,51.97
1999/10/01,GPCC,0
1999/11/01,GPCC,118.38
1999/12/01,GPCC,64.84
1950/01/01,Princeton,0.25289
1950/02/01,Princeton,3.7937
1950/03/01,Princeton,58.897
1950/04/01,Princeton,116.08
1950/05/01,Princeton,152.15
1950/06/01,Princeton,29.902
1950/07/01,Princeton,64.969
1950/08/01,Princeton,27.666
1950/09/01,Princeton,41.58
1950/10/01,Princeton,22.018
1950/11/01,Princeton,78.449
1950/12/01,Princeton,34.134
1951/01/01,Princeton,2.3638
1951/02/01,Princeton,11.01
1951/03/01,Princeton,108.04
1951/04/01,Princeton,156.51
1951/05/01,Princeton,292.62
1951/06/01,Princeton,36.674
1951/07/01,Princeton,67.871
1951/08/01,Princeton,17.321
1951/09/01,Princeton,17.606
1951/10/01,Princeton,156.11
1951/11/01,Princeton,134.12
1951/12/01,Princeton,188
1952/01/01,Princeton,6.3563
1952/02/01,Princeton,6.9483
1952/03/01,Princeton,27.58
1952/04/01,Princeton,84.193
1952/05/01,Princeton,100.11
1952/06/01,Princeton,34.256
1952/07/01,Princeton,21.258
1952/08/01,Princeton,23.883
1952/09/01,Princeton,56.293
1952/10/01,Princeton,21.66
1952/11/01,Princeton,90.416
1952/12/01,Princeton,74.48
1953/01/01,Princeton,75.624
1953/02/01,Princeton,30.366
1953/03/01,Princeton,59.212
1953/04/01,Princeton,131.86
1953/05/01,Princeton,233.01
1953/06/01,Princeton,2.4832
1953/07/01,Princeton,82.839
1953/08/01,Princeton,83.017
1953/09/01,Princeton,124.97
1953/10/01,Princeton,100.42
1953/11/01,Princeton,63.383
1953/12/01,Princeton,50.298
1954/01/01,Princeton,1.6688
1954/02/01,Princeton,10.607
1954/03/01,Princeton,51.69
1954/04/01,Princeton,177.68
1954/05/01,Princeton,101.07
1954/06/01,Princeton,39.91
1954/07/01,Princeton,22.377
1954/08/01,Princeton,34.612
1954/09/01,Princeton,27.648
1954/10/01,Princeton,36.737
1954/11/01,Princeton,19.891
1954/12/01,Princeton,39.042
1955/01/01,Princeton,34.599
1955/02/01,Princeton,33.819
1955/03/01,Princeton,18.6
1955/04/01,Princeton,153.68
1955/05/01,Princeton,181.74
1955/06/01,Princeton,76.273
1955/07/01,Princeton,31.15
1955/08/01,Princeton,8.2702
1955/09/01,Princeton,11.769
1955/10/01,Princeton,5.553
1955/11/01,Princeton,22.795
1955/12/01,Princeton,38.996
1956/01/01,Princeton,224.26
1956/02/01,Princeton,17.82
1956/03/01,Princeton,41.951
1956/04/01,Princeton,117.78
1956/05/01,Princeton,120.74
1956/06/01,Princeton,70.766
1956/07/01,Princeton,22.396
1956/08/01,Princeton,11.776
1956/09/01,Princeton,22.213
1956/10/01,Princeton,9.4949
1956/11/01,Princeton,132.91
1956/12/01,Princeton,32.4
1957/01/01,Princeton,76.178
1957/02/01,Princeton,5.0471
1957/03/01,Princeton,81.406
1957/04/01,Princeton,144.29
1957/05/01,Princeton,137.94
1957/06/01,Princeton,41.079
1957/07/01,Princeton,29.281
1957/08/01,Princeton,26.749
1957/09/01,Princeton,53.883
1957/10/01,Princeton,38.039
1957/11/01,Princeton,254.71
1957/12/01,Princeton,195.57
1958/01/01,Princeton,0.5844
1958/02/01,Princeton,13.745
1958/03/01,Princeton,164.23
1958/04/01,Princeton,65.52
1958/05/01,Princeton,172.81
1958/06/01,Princeton,107.86
1958/07/01,Princeton,25.996
1958/08/01,Princeton,24.232
1958/09/01,Princeton,31.906
1958/10/01,Princeton,13.04
1958/11/01,Princeton,15.538
1958/12/01,Princeton,80.653
1959/01/01,Princeton,13.03
1959/02/01,Princeton,10.894
1959/03/01,Princeton,40.499
1959/04/01,Princeton,383.75
1959/05/01,Princeton,91.115
1959/06/01,Princeton,69.088
1959/07/01,Princeton,72.66
1959/08/01,Princeton,44.744
1959/09/01,Princeton,17.957
1959/10/01,Princeton,11.368
1959/11/01,Princeton,15.744
1959/12/01,Princeton,148.03
1960/01/01,Princeton,19.382
1960/02/01,Princeton,4.7347
1960/03/01,Princeton,115.05
1960/04/01,Princeton,147.43
1960/05/01,Princeton,206.08
1960/06/01,Princeton,104.93
1960/07/01,Princeton,43.275
1960/08/01,Princeton,14.672
1960/09/01,Princeton,19.148
1960/10/01,Princeton,53.263
1960/11/01,Princeton,6.64
1960/12/01,Princeton,23.751
1961/01/01,Princeton,2.2756
1961/02/01,Princeton,78.124
1961/03/01,Princeton,20.138
1961/04/01,Princeton,103.18
1961/05/01,Princeton,29.52
1961/06/01,Princeton,37.847
1961/07/01,Princeton,122.28
1961/08/01,Princeton,30.34
1961/09/01,Princeton,229.65
1961/10/01,Princeton,117.16
1961/11/01,Princeton,230.45
1961/12/01,Princeton,113.16
1962/01/01,Princeton,92.908
1962/02/01,Princeton,5.0912
1962/03/01,Princeton,102.54
1962/04/01,Princeton,76.004
1962/05/01,Princeton,93.653
1962/06/01,Princeton,37.44
1962/07/01,Princeton,47.676
1962/08/01,Princeton,29.077
1962/09/01,Princeton,19.891
1962/10/01,Princeton,7.3151
1962/11/01,Princeton,24.237
1962/12/01,Princeton,86.634
1963/01/01,Princeton,16.242
1963/02/01,Princeton,3.2926
1963/03/01,Princeton,121.37
1963/04/01,Princeton,276.17
1963/05/01,Princeton,123.37
1963/06/01,Princeton,72.546
1963/07/01,Princeton,33.771
1963/08/01,Princeton,50.621
1963/09/01,Princeton,20.205
1963/10/01,Princeton,42.827
1963/11/01,Princeton,110.87
1963/12/01,Princeton,61.728
1964/01/01,Princeton,50.175
1964/02/01,Princeton,5.4657
1964/03/01,Princeton,33.422
1964/04/01,Princeton,124.74
1964/05/01,Princeton,130.78
1964/06/01,Princeton,36.434
1964/07/01,Princeton,12.277
1964/08/01,Princeton,23.336
1964/09/01,Princeton,25.76
1964/10/01,Princeton,28.875
1964/11/01,Princeton,2.6217
1964/12/01,Princeton,192.4
1965/01/01,Princeton,76.279
1965/02/01,Princeton,0
1965/03/01,Princeton,4.5856
1965/04/01,Princeton,86.272
1965/05/01,Princeton,123.98
1965/06/01,Princeton,45.567
1965/07/01,Princeton,15.559
1965/08/01,Princeton,29.193
1965/09/01,Princeton,65.662
1965/10/01,Princeton,96.327
1965/11/01,Princeton,203.37
1965/12/01,Princeton,18.545
1966/01/01,Princeton,100.32
1966/02/01,Princeton,6.2882
1966/03/01,Princeton,94.858
1966/04/01,Princeton,173.97
1966/05/01,Princeton,211.64
1966/06/01,Princeton,91.257
1966/07/01,Princeton,35.376
1966/08/01,Princeton,30.35
1966/09/01,Princeton,11.209
1966/10/01,Princeton,95.794
1966/11/01,Princeton,107.84
1966/12/01,Princeton,47.557
1967/01/01,Princeton,0.23563
1967/02/01,Princeton,36.146
1967/03/01,Princeton,6.6636
1967/04/01,Princeton,140.5
1967/05/01,Princeton,138.1
1967/06/01,Princeton,65.079
1967/07/01,Princeton,35.875
1967/08/01,Princeton,117.33
1967/09/01,Princeton,164.84
1967/10/01,Princeton,164.03
1967/11/01,Princeton,208.8
1967/12/01,Princeton,8.4182
1968/01/01,Princeton,0.0093025
1968/02/01,Princeton,77.812
1968/03/01,Princeton,267.81
1968/04/01,Princeton,220.67
1968/05/01,Princeton,264.12
1968/06/01,Princeton,102.63
1968/07/01,Princeton,70.267
1968/08/01,Princeton,40.01
1968/09/01,Princeton,33.726
1968/10/01,Princeton,66.656
1968/11/01,Princeton,383.87
1968/12/01,Princeton,70.137
1969/01/01,Princeton,10.095
1969/02/01,Princeton,67.532
1969/03/01,Princeton,95.25
1969/04/01,Princeton,18.902
1969/05/01,Princeton,74.713
1969/06/01,Princeton,48.765
1969/07/01,Princeton,55.654
1969/08/01,Princeton,66.31
1969/09/01,Princeton,23.711
1969/10/01,Princeton,75.958
1969/11/01,Princeton,184.62
1969/12/01,Princeton,12.08
1970/01/01,Princeton,19.222
1970/02/01,Princeton,0.42471
1970/03/01,Princeton,46.892
1970/04/01,Princeton,122.49
1970/05/01,Princeton,112.5
1970/06/01,Princeton,21.759
1970/07/01,Princeton,46.718
1970/08/01,Princeton,41.252
1970/09/01,Princeton,50.254
1970/10/01,Princeton,16.639
1970/11/01,Princeton,15.737
1970/12/01,Princeton,61.471
1971/01/01,Princeton,0.53162
1971/02/01,Princeton,0.011919
1971/03/01,Princeton,101.3
1971/04/01,Princeton,41.242
1971/05/01,Princeton,137.08
1971/06/01,Princeton,102.58
1971/07/01,Princeton,30.442
1971/08/01,Princeton,14.708
1971/09/01,Princeton,27.499
1971/10/01,Princeton,8.0589
1971/11/01,Princeton,22
1971/12/01,Princeton,40.679
1972/01/01,Princeton,120.67
1972/02/01,Princeton,44.404
1972/03/01,Princeton,22.796
1972/04/01,Princeton,24.718
1972/05/01,Princeton,279.26
1972/06/01,Princeton,2.1615
1972/07/01,Princeton,17.389
1972/08/01,Princeton,46.853
1972/09/01,Princeton,124.6
1972/10/01,Princeton,166.14
1972/11/01,Princeton,104.07
1972/12/01,Princeton,101.99
1973/01/01,Princeton,20.704
1973/02/01,Princeton,3.6012
1973/03/01,Princeton,10.719
1973/04/01,Princeton,152.88
1973/05/01,Princeton,151.67
1973/06/01,Princeton,93.176
1973/07/01,Princeton,11.315
1973/08/01,Princeton,40.853
1973/09/01,Princeton,17.305
1973/10/01,Princeton,42.905
1973/11/01,Princeton,101.44
1973/12/01,Princeton,37.095
1974/01/01,Princeton,25.066
1974/02/01,Princeton,3.6404
1974/03/01,Princeton,36.847
1974/04/01,Princeton,72.57
1974/05/01,Princeton,102.52
1974/06/01,Princeton,83.209
1974/07/01,Princeton,81.707
1974/08/01,Princeton,13.643
1974/09/01,Princeton,17.147
1974/10/01,Princeton,13.294
1974/11/01,Princeton,52.815
1974/12/01,Princeton,13.006
1975/01/01,Princeton,10.937
1975/02/01,Princeton,0.38499
1975/03/01,Princeton,16.694
1975/04/01,Princeton,151.4
1975/05/01,Princeton,155.46
1975/06/01,Princeton,72.714
1975/07/01,Princeton,55.611
1975/08/01,Princeton,9.2881
1975/09/01,Princeton,39.225
1975/10/01,Princeton,22.45
1975/11/01,Princeton,29.338
1975/12/01,Princeton,45.288
1976/01/01,Princeton,76.632
1976/02/01,Princeton,15.929
1976/03/01,Princeton,9.7409
1976/04/01,Princeton,39.538
1976/05/01,Princeton,93.88
1976/06/01,Princeton,72.297
1976/07/01,Princeton,83.043
1976/08/01,Princeton,61.865
1976/09/01,Princeton,48.094
1976/10/01,Princeton,33.587
1976/11/01,Princeton,51.86
1976/12/01,Princeton,44.93
1977/01/01,Princeton,10.387
1977/02/01,Princeton,4.0211
1977/03/01,Princeton,53.342
1977/04/01,Princeton,93.979
1977/05/01,Princeton,57.626
1977/06/01,Princeton,52.331
1977/07/01,Princeton,22.636
1977/08/01,Princeton,52.919
1977/09/01,Princeton,96.683
1977/10/01,Princeton,214.86
1977/11/01,Princeton,184.69
1977/12/01,Princeton,124.78
1978/01/01,Princeton,64.79
1978/02/01,Princeton,7.6706
1978/03/01,Princeton,121.42
1978/04/01,Princeton,183.3
1978/05/01,Princeton,145.56
1978/06/01,Princeton,67.283
1978/07/01,Princeton,35.706
1978/08/01,Princeton,28.546
1978/09/01,Princeton,30.209
1978/10/01,Princeton,46.79
1978/11/01,Princeton,189.32
1978/12/01,Princeton,219.41
1979/01/01,Princeton,180.3
1979/02/01,Princeton,44.733
1979/03/01,Princeton,109.52
1979/04/01,Princeton,138.8
1979/05/01,Princeton,258.78
1979/06/01,Princeton,67.06
1979/07/01,Princeton,48.94
1979/08/01,Princeton,19.364
1979/09/01,Princeton,50.898
1979/10/01,Princeton,23.026
1979/11/01,Princeton,77.396
1979/12/01,Princeton,89.873
1980/01/01,Princeton,8.4004
1980/02/01,Princeton,7.9708
1980/03/01,Princeton,13.393
1980/04/01,Princeton,39.168
1980/05/01,Princeton,49.792
1980/06/01,Princeton,25.178
1980/07/01,Princeton,39.059
1980/08/01,Princeton,132.79
1980/09/01,Princeton,29.336
1980/10/01,Princeton,7.2821
1980/11/01,Princeton,84.708
1980/12/01,Princeton,35.439
1981/01/01,Princeton,18.188
1981/02/01,Princeton,0.21573
1981/03/01,Princeton,293.98
1981/04/01,Princeton,89.362
1981/05/01,Princeton,87.371
1981/06/01,Princeton,34.501
1981/07/01,Princeton,26.635
1981/08/01,Princeton,71.201
1981/09/01,Princeton,32.723
1981/10/01,Princeton,82.412
1981/11/01,Princeton,47.466
1981/12/01,Princeton,144.37
1982/01/01,Princeton,3.8188
1982/02/01,Princeton,0.013152
1982/03/01,Princeton,77.379
1982/04/01,Princeton,152.79
1982/05/01,Princeton,337.56
1982/06/01,Princeton,53.992
1982/07/01,Princeton,80.811
1982/08/01,Princeton,23.776
1982/09/01,Princeton,57.888
1982/10/01,Princeton,151.12
1982/11/01,Princeton,110.4
1982/12/01,Princeton,99.741
1983/01/01,Princeton,1.88
1983/02/01,Princeton,33.348
1983/03/01,Princeton,16.982
1983/04/01,Princeton,76.453
1983/05/01,Princeton,349.24
1983/06/01,Princeton,83.41
1983/07/01,Princeton,63.726
1983/08/01,Princeton,20.428
1983/09/01,Princeton,43.808
1983/10/01,Princeton,15.682
1983/11/01,Princeton,30.816
1983/12/01,Princeton,41.078
1984/01/01,Princeton,0.80282
1984/02/01,Princeton,0.056281
1984/03/01,Princeton,16.283
1984/04/01,Princeton,231.07
1984/05/01,Princeton,121.23
1984/06/01,Princeton,97.843
1984/07/01,Princeton,47.451
1984/08/01,Princeton,11.461
1984/09/01,Princeton,26.93
1984/10/01,Princeton,135.65
1984/11/01,Princeton,132.1
1984/12/01,Princeton,104.03
1985/01/01,Princeton,5.5148
1985/02/01,Princeton,49.643
1985/03/01,Princeton,26.903
1985/04/01,Princeton,201.82
1985/05/01,Princeton,135.04
1985/06/01,Princeton,18.693
1985/07/01,Princeton,61.344
1985/08/01,Princeton,26.12
1985/09/01,Princeton,20.403
1985/10/01,Princeton,19.523
1985/11/01,Princeton,122.15
1985/12/01,Princeton,92.179
1986/01/01,Princeton,14.059
1986/02/01,Princeton,0.87701
1986/03/01,Princeton,32.629
1986/04/01,Princeton,209.2
1986/05/01,Princeton,233.65
1986/06/01,Princeton,17.394
1986/07/01,Princeton,12.488
1986/08/01,Princeton,37.132
1986/09/01,Princeton,18.789
1986/10/01,Princeton,22.809
1986/11/01,Princeton,59.025
1986/12/01,Princeton,161.47
1987/01/01,Princeton,22.52
1987/02/01,Princeton,0.51984
1987/03/01,Princeton,1.9964
1987/04/01,Princeton,99.213
1987/05/01,Princeton,193.18
1987/06/01,Princeton,19.373
1987/07/01,Princeton,59.297
1987/08/01,Princeton,105.04
1987/09/01,Princeton,26.516
1987/10/01,Princeton,16.542
1987/11/01,Princeton,28.714
1987/12/01,Princeton,19.829
1988/01/01,Princeton,19.89
1988/02/01,Princeton,3.6805
1988/03/01,Princeton,79.875
1988/04/01,Princeton,190.35
1988/05/01,Princeton,35.093
1988/06/01,Princeton,90.781
1988/07/01,Princeton,27.04
1988/08/01,Princeton,27.375
1988/09/01,Princeton,42.374
1988/10/01,Princeton,23.232
1988/11/01,Princeton,107.76
1988/12/01,Princeton,133.12
1989/01/01,Princeton,28.958
1989/02/01,Princeton,0.083073
1989/03/01,Princeton,89.476
1989/04/01,Princeton,111.08
1989/05/01,Princeton,97.311
1989/06/01,Princeton,38.054
1989/07/01,Princeton,33.111
1989/08/01,Princeton,42.666
1989/09/01,Princeton,27.802
1989/10/01,Princeton,81.732
1989/11/01,Princeton,148.6
1989/12/01,Princeton,121.87
1990/01/01,Princeton,37.531
1990/02/01,Princeton,57.601
1990/03/01,Princeton,198.98
1990/04/01,Princeton,76.142
1990/05/01,Princeton,70.716
1990/06/01,Princeton,44.14
1990/07/01,Princeton,13.063
1990/08/01,Princeton,15.86
1990/09/01,Princeton,36.263
1990/10/01,Princeton,105.21
1990/11/01,Princeton,61.091
1990/12/01,Princeton,192.05
1991/01/01,Princeton,22.077
1991/02/01,Princeton,3.4897
1991/03/01,Princeton,67.21
1991/04/01,Princeton,38.566
1991/05/01,Princeton,256.02
1991/06/01,Princeton,61.733
1991/07/01,Princeton,71.904
1991/08/01,Princeton,69.019
1991/09/01,Princeton,13.409
1991/10/01,Princeton,42.767
1991/11/01,Princeton,44.26
1991/12/01,Princeton,80.922
1992/01/01,Princeton,2.6176
1992/02/01,Princeton,3.5128
1992/03/01,Princeton,25.142
1992/04/01,Princeton,97.383
1992/05/01,Princeton,129.54
1992/06/01,Princeton,40.349
1992/07/01,Princeton,71.623
1992/08/01,Princeton,16.2
1992/09/01,Princeton,16.122
1992/10/01,Princeton,16.807
1992/11/01,Princeton,177.72
1992/12/01,Princeton,155.25
1993/01/01,Princeton,142.38
1993/02/01,Princeton,4.43
1993/03/01,Princeton,23.225
1993/04/01,Princeton,62.008
1993/05/01,Princeton,119.15
1993/06/01,Princeton,63.306
1993/07/01,Princeton,23.686
1993/08/01,Princeton,22.965
1993/09/01,Princeton,26.588
1993/10/01,Princeton,47.854
1993/11/01,Princeton,66.761
1993/12/01,Princeton,77.64
1994/01/01,Princeton,3.8439
1994/02/01,Princeton,0
1994/03/01,Princeton,36.914
1994/04/01,Princeton,198.03
1994/05/01,Princeton,205.91
1994/06/01,Princeton,46.115
1994/07/01,Princeton,87.335
1994/08/01,Princeton,29.49
1994/09/01,Princeton,93.397
1994/10/01,Princeton,53.597
1994/11/01,Princeton,173.32
1994/12/01,Princeton,226.69
1995/01/01,Princeton,6.7992
1995/02/01,Princeton,20.277
1995/03/01,Princeton,57.468
1995/04/01,Princeton,107.55
1995/05/01,Princeton,168.42
1995/06/01,Princeton,3.6838
1995/07/01,Princeton,39.831
1995/08/01,Princeton,85.695
1995/09/01,Princeton,31.721
1995/10/01,Princeton,82.944
1995/11/01,Princeton,107.7
1995/12/01,Princeton,64.178
1996/01/01,Princeton,12.364
1996/02/01,Princeton,21.294
1996/03/01,Princeton,152.05
1996/04/01,Princeton,87.073
1996/05/01,Princeton,254.75
1996/06/01,Princeton,10.247
1996/07/01,Princeton,35.178
1996/08/01,Princeton,13.545
1996/09/01,Princeton,12.198
1996/10/01,Princeton,12.659
1996/11/01,Princeton,120.22
1996/12/01,Princeton,4.7852
1997/01/01,Princeton,0.23845
1997/02/01,Princeton,0
1997/03/01,Princeton,82.098
1997/04/01,Princeton,157.87
1997/05/01,Princeton,153.87
1997/06/01,Princeton,120.32
1997/07/01,Princeton,55.721
1997/08/01,Princeton,15.713
1997/09/01,Princeton,38.153
1997/10/01,Princeton,152.04
1997/11/01,Princeton,235.73
1997/12/01,Princeton,267.01
1998/01/01,Princeton,273.14
1998/02/01,Princeton,75.5
1998/03/01,Princeton,58.982
1998/04/01,Princeton,229.51
1998/05/01,Princeton,162.82
1998/06/01,Princeton,88.042
1998/07/01,Princeton,16.055
1998/08/01,Princeton,16.474
1998/09/01,Princeton,55.033
1998/10/01,Princeton,26.026
1998/11/01,Princeton,77.931
1998/12/01,Princeton,8.5633
1999/01/01,Princeton,20.748
1999/02/01,Princeton,16.285
1999/03/01,Princeton,75.497
1999/04/01,Princeton,171
1999/05/01,Princeton,125.11
1999/06/01,Princeton,65.387
1999/07/01,Princeton,58.928
1999/08/01,Princeton,58.655
1999/09/01,Princeton,43.242
1999/10/01,Princeton,26.14
1999/11/01,Princeton,135.25
1999/12/01,Princeton,82.418