"Mwache Weap verificaiton run (Oct 17, 2014) with Mwache_4_14_test all units are in cubic meters per month // Single user system",,,,,,,,
Year,Month,Date,Inflow,Nevap,Rel_Flood, Demand,Supply,Storage
2018,6,18-Jun,13103200,138491,1597300,6367410,6367410,65000000
2018,7,18-Jul,24017900,122198,17316000,6579657,6579657,65000000
2018,8,18-Aug,22921600,200948,16141000,6579657,6579657,65000000
2018,9,18-Sep,28842800,282414,22193000,6367410,6367410,65000000
2018,10,18-Oct,23107500,209095,16319000,6579657,6579657,65000000
2018,11,18-Nov,17061300,122198,10572000,6367410,6367410,65000000
2018,12,18-Dec,12193100,238966,5374500,6579657,6579657,65000000
2019,1,19-Jan,4422960,358448,0,6579657,6579657,62484855
2019,2,19-Feb,4604210,456207,0,5942916,5942916,60689943
2019,3,19-Mar,5724010,366595,0,6579657,6579657,59467702
2019,4,19-Apr,20391300,119483,8372100,6367410,6367410,65000000
2019,5,19-May,11015700,-62457,4498500,6579657,6579657,65000000
2019,6,19-Jun,6455580,138491,0,6367410,6367410,64949679
2019,7,19-Jul,4733210,122198,0,6579657,6579657,62981034
2019,8,19-Aug,4757940,200948,0,6579657,6579657,60958369
2019,9,19-Sep,3850700,282414,0,6367410,6367410,58159246
2019,10,19-Oct,3621340,209095,0,6579657,6579657,54991835
2019,11,19-Nov,2939600,122198,0,6367410,6367410,51441827
2019,12,19-Dec,3253000,238966,0,6579657,6579657,47876205
2020,1,20-Jan,5815110,264000,0,6579657,6579657,46847659
2020,2,20-Feb,3273110,336000,0,5942916,5942916,43841854
2020,3,20-Mar,1207530,270000,0,6579657,6579657,38199728
2020,4,20-Apr,9293750,88000,0,6367410,6367410,41038068
2020,5,20-May,11893000,-46000,0,6579657,6579657,46397411
2020,6,20-Jun,7547620,102000,0,6367410,6367410,47475621
2020,7,20-Jul,4256450,90000,0,6579657,6579657,45062414
2020,8,20-Aug,2580350,148000,0,6579657,6579657,40915107
2020,9,20-Sep,2367990,208000,0,6367410,6367410,36707687
2020,10,20-Oct,1855180,154000,0,6579657,6579657,31829211
2020,11,20-Nov,2200570,90000,0,6367410,6367410,27572371
2020,12,20-Dec,2461020,132000,0,6579657,6579657,23321734
2021,1,21-Jan,43824600,198000,0,6579657,6579657,60368678
2021,2,21-Feb,3544950,456207,0,5942916,5942916,57514506
2021,3,21-Mar,4881690,366595,0,6579657,6579657,55449945
2021,4,21-Apr,12698300,119483,0,6367410,6367410,61661353
2021,5,21-May,9582210,-62457,0,6579657,6579657,64726363
2021,6,21-Jun,6691690,138491,0,6367410,6367410,64912152
2021,7,21-Jul,3527930,122198,0,6579657,6579657,61738227
2021,8,21-Aug,2670510,200948,0,6579657,6579657,57628132
2021,9,21-Sep,2702450,282414,0,6367410,6367410,53680759
2021,10,21-Oct,1947440,209095,0,6579657,6579657,48839448
2021,11,21-Nov,8476070,90000,0,6367410,6367410,50858108
2021,12,21-Dec,3478100,238966,0,6579657,6579657,47517586
2022,1,22-Jan,15474100,264000,0,6579657,6579657,56148030
2022,2,22-Feb,1693430,456207,0,5942916,5942916,51442338
2022,3,22-Mar,7211230,366595,0,6579657,6579657,51707317
2022,4,22-Apr,15402500,119483,0,6367410,6367410,60622925
2022,5,22-May,12048500,-62457,1154200,6579657,6579657,65000000
2022,6,22-Jun,5403390,138491,0,6367410,6367410,63897489
2022,7,22-Jul,4046110,122198,0,6579657,6579657,61241744
2022,8,22-Aug,3649730,200948,0,6579657,6579657,58110869
2022,9,22-Sep,4616200,282414,0,6367410,6367410,56077246
2022,10,22-Oct,3498330,209095,0,6579657,6579657,52786825
2022,11,22-Nov,30215800,122198,11513000,6367410,6367410,65000000
2022,12,22-Dec,40596300,238966,33778000,6579657,6579657,65000000
2023,1,23-Jan,2112900,358448,0,6579657,6579657,60174795
2023,2,23-Feb,4311500,456207,0,5942916,5942916,58087173
2023,3,23-Mar,32568600,366595,18710000,6579657,6579657,65000000
2023,4,23-Apr,13411300,119483,6924400,6367410,6367410,65000000
2023,5,23-May,21972000,-62457,15455000,6579657,6579657,65000000
2023,6,23-Jun,16521200,138491,10015000,6367410,6367410,65000000
2023,7,23-Jul,7213050,122198,511200,6579657,6579657,65000000
2023,8,23-Aug,6183850,200948,0,6579657,6579657,64403245
2023,9,23-Sep,5696590,282414,0,6367410,6367410,63450012
2023,10,23-Oct,3683180,209095,0,6579657,6579657,60344441
2023,11,23-Nov,3415370,122198,0,6367410,6367410,57270203
2023,12,23-Dec,6409230,238966,0,6579657,6579657,56860811
2024,1,24-Jan,4125930,358448,0,6579657,6579657,54048636
2024,2,24-Feb,2491320,456207,0,5942916,5942916,50140834
2024,3,24-Mar,2580210,307109,0,6579657,6579657,45834279
2024,4,24-Apr,45677400,88000,20056000,6367410,6367410,65000000
2024,5,24-May,11622800,-62457,5105600,6579657,6579657,65000000
2024,6,24-Jun,8352600,138491,1846700,6367410,6367410,65000000
2024,7,24-Jul,8474480,122198,1772600,6579657,6579657,65000000
2024,8,24-Aug,6607790,200948,0,6579657,6579657,64827185
2024,9,24-Sep,3834930,282414,0,6367410,6367410,62012292
2024,10,24-Oct,2887230,209095,0,6579657,6579657,58110771
2024,11,24-Nov,2844850,122198,0,6367410,6367410,54466013
2024,12,24-Dec,11481600,238966,0,6579657,6579657,59128991
2025,1,25-Jan,5836330,358448,0,6579657,6579657,58027216
2025,2,25-Feb,1990880,456207,0,5942916,5942916,53618974
2025,3,25-Mar,10779000,366595,0,6579657,6579657,57451723
2025,4,25-Apr,18035800,119483,4000600,6367410,6367410,65000000
2025,5,25-May,22071300,-62457,15554000,6579657,6579657,65000000
2025,6,25-Jun,15281300,138491,8775400,6367410,6367410,65000000
2025,7,25-Jul,8243610,122198,1541800,6579657,6579657,65000000
2025,8,25-Aug,4705180,200948,0,6579657,6579657,62924575
2025,9,25-Sep,4222610,282414,0,6367410,6367410,60497362
2025,10,25-Oct,5485430,209095,0,6579657,6579657,59194041
2025,11,25-Nov,2717270,122198,0,6367410,6367410,55421703
2025,12,25-Dec,3087900,238966,0,6579657,6579657,51690981
2026,1,26-Jan,2092570,358448,0,6579657,6579657,46845446
2026,2,26-Feb,5828420,336000,0,5942916,5942916,46394950
2026,3,26-Mar,1553400,270000,0,6579657,6579657,41098694
2026,4,26-Apr,6427060,88000,0,6367410,6367410,41070344
2026,5,26-May,2622980,-46000,0,6579657,6579657,37159667
2026,6,26-Jun,2381090,102000,0,6367410,6367410,33071347
2026,7,26-Jul,5144530,90000,0,6579657,6579657,31546220
2026,8,26-Aug,2890570,148000,0,6579657,6579657,27709134
2026,9,26-Sep,20513200,156000,0,6367410,6367410,41698924
2026,10,26-Oct,16845700,154000,0,6579657,6579657,51810968
2026,11,26-Nov,54773200,122198,35095000,6367410,6367410,65000000
2026,12,26-Dec,32685100,238966,25866000,6579657,6579657,65000000
2027,1,27-Jan,47934000,358448,40996000,6579657,6579657,65000000
2027,2,27-Feb,3383640,456207,0,5942916,5942916,61984518
2027,3,27-Mar,24224300,366595,14263000,6579657,6579657,65000000
2027,4,27-Apr,16292900,119483,9806000,6367410,6367410,65000000
2027,5,27-May,13313700,-62457,6796500,6579657,6579657,65000000
2027,6,27-Jun,7305990,138491,800090,6367410,6367410,65000000
2027,7,27-Jul,6909670,122198,207820,6579657,6579657,65000000
2027,8,27-Aug,5331750,200948,0,6579657,6579657,63551145
2027,9,27-Sep,4056600,282414,0,6367410,6367410,60957922
2027,10,27-Oct,2946210,209095,0,6579657,6579657,57115381
2027,11,27-Nov,3230570,122198,0,6367410,6367410,53856343
2027,12,27-Dec,5708450,238966,0,6579657,6579657,52746171
2028,1,28-Jan,4215190,358448,0,6579657,6579657,50023256
2028,2,28-Feb,1848330,342128,0,5942916,5942916,45586543
2028,3,28-Mar,8597930,270000,0,6579657,6579657,47334817
2028,4,28-Apr,36395800,88000,12275000,6367410,6367410,65000000
2028,5,28-May,15349500,-62457,8832300,6579657,6579657,65000000
2028,6,28-Jun,10124700,138491,3618800,6367410,6367410,65000000
2028,7,28-Jul,6161930,122198,0,6579657,6579657,64460075
2028,8,28-Aug,7110710,200948,0,6579657,6579657,64790180
2028,9,28-Sep,4097100,282414,0,6367410,6367410,62237457
2028,10,28-Oct,4624560,209095,0,6579657,6579657,60073266
2028,11,28-Nov,11303400,122198,0,6367410,6367410,64887058
2028,12,28-Dec,7907660,238966,976100,6579657,6579657,65000000
2029,1,29-Jan,13674700,358448,6736600,6579657,6579657,65000000
2029,2,Feb-29,2321070,456207,0,5942916,5942916,60921948
2029,3,29-Mar,3223960,366595,0,6579657,6579657,57199657
2029,4,29-Apr,11284000,119483,0,6367410,6367410,61996765
2029,5,29-May,9679310,-62457,158870,6579657,6579657,65000000
2029,6,29-Jun,4544630,138491,0,6367410,6367410,63038729
2029,7,29-Jul,2906320,122198,0,6579657,6579657,59243194
2029,8,29-Aug,3020890,200948,0,6579657,6579657,55483479
2029,9,29-Sep,2711910,282414,0,6367410,6367410,51545566
2029,10,29-Oct,2457160,209095,0,6579657,6579657,47213975
2029,11,29-Nov,1625690,90000,0,6367410,6367410,42382255
2029,12,29-Dec,11862100,176000,0,6579657,6579657,47488698
2030,1,30-Jan,19451500,264000,0,6579657,6579657,60096541
2030,2,Feb-30,1316690,456207,0,5942916,5942916,55014109
2030,3,30-Mar,715139,366595,0,6579657,6579657,48782997
2030,4,30-Apr,6172320,88000,0,6367410,6367410,48499907
2030,5,30-May,6785870,-46000,0,6579657,6579657,48752120
2030,6,30-Jun,3757640,102000,0,6367410,6367410,46040350
2030,7,30-Jul,2278840,90000,0,6579657,6579657,41649533
2030,8,30-Aug,2581570,148000,0,6579657,6579657,37503446
2030,9,30-Sep,3809040,208000,0,6367410,6367410,34737076
2030,10,30-Oct,5929760,154000,0,6579657,6579657,33933180
2030,11,30-Nov,25180000,90000,0,6367410,6367410,52655770
2030,12,30-Dec,3810760,238966,0,6579657,6579657,49647908
2031,1,31-Jan,29988100,264000,7792400,6579657,6579657,65000000
2031,2,Feb-31,2188220,456207,0,5942916,5942916,60789098
2031,3,31-Mar,12846100,366595,1688900,6579657,6579657,65000000
2031,4,Apr-31,26686800,119483,20200000,6367410,6367410,65000000
2031,5,31-May,27400600,-62457,20883000,6579657,6579657,65000000
2031,6,Jun-31,15646200,138491,9140300,6367410,6367410,65000000
2031,7,31-Jul,8130260,122198,1428400,6579657,6579657,65000000
2031,8,31-Aug,6817280,200948,36675,6579657,6579657,65000000
2031,9,Sep-31,4114650,282414,0,6367410,6367410,62464827
2031,10,31-Oct,9339720,209095,15796,6579657,6579657,65000000
2031,11,Nov-31,14238300,122198,7748700,6367410,6367410,65000000
2031,12,31-Dec,7345540,238966,526920,6579657,6579657,65000000
2032,1,Jan-32,2224860,358448,0,6579657,6579657,60286755
2032,2,Feb-32,5111630,456207,0,5942916,5942916,58999263
2032,3,Mar-32,935451,366595,0,6579657,6579657,52988463
2032,4,Apr-32,10595400,119483,0,6367410,6367410,57096971
2032,5,May-32,9617420,-62457,0,6579657,6579657,60197191
2032,6,Jun-32,6323840,138491,0,6367410,6367410,60015130
2032,7,Jul-32,4409390,122198,0,6579657,6579657,57722665
2032,8,Aug-32,10859700,200948,0,6579657,6579657,61801760
2032,9,Sep-32,20233300,282414,10385000,6367410,6367410,65000000
2032,10,Oct-32,27107200,209095,20318000,6579657,6579657,65000000
2032,11,Nov-32,55578200,122198,49089000,6367410,6367410,65000000
2032,12,Dec-32,4458240,238966,0,6579657,6579657,62639618
2033,1,Jan-33,2304040,358448,0,6579657,6579657,58005553
2033,2,Feb-33,16903900,456207,3510300,5942916,5942916,65000000
2033,3,Mar-33,70619000,366595,63673000,6579657,6579657,65000000
2033,4,Apr-33,74486400,119483,68000000,6367410,6367410,65000000
2033,5,May-33,77452400,-62457,70935000,6579657,6579657,65000000
2033,6,Jun-33,40052100,138491,33546000,6367410,6367410,65000000
2033,7,Jul-33,28447600,122198,21746000,6579657,6579657,65000000
2033,8,Aug-33,18459300,200948,11679000,6579657,6579657,65000000
2033,9,Sep-33,13573100,282414,6923300,6367410,6367410,65000000
2033,10,Oct-33,15260800,209095,8472000,6579657,6579657,65000000
2033,11,Nov-33,108640000,122198,102150000,6367410,6367410,65000000
2033,12,Dec-33,29314500,238966,22496000,6579657,6579657,65000000
2034,1,Jan-34,10187700,358448,3249600,6579657,6579657,65000000
2034,2,Feb-34,22792500,456207,16393000,5942916,5942916,65000000
2034,3,Mar-34,25525000,366595,18579000,6579657,6579657,65000000
2034,4,Apr-34,5683870,119483,0,6367410,6367410,64196978
2034,5,May-34,13220200,-62457,5900000,6579657,6579657,65000000
2034,6,Jun-34,9484600,138491,2978700,6367410,6367410,65000000
2034,7,Jul-34,8625790,122198,1923900,6579657,6579657,65000000
2034,8,Aug-34,9141920,200948,2361300,6579657,6579657,65000000
2034,9,Sep-34,5414160,282414,0,6367410,6367410,63764337
2034,10,Oct-34,7607770,209095,0,6579657,6579657,64583356
2034,11,Nov-34,23944500,122198,17038000,6367410,6367410,65000000
2034,12,Dec-34,4246840,238966,0,6579657,6579657,62428218
2035,1,Jan-35,6941880,358448,0,6579657,6579657,62431993
2035,2,Feb-35,2273130,456207,0,5942916,5942916,58306001
2035,3,Mar-35,4129520,366595,0,6579657,6579657,55489270
2035,4,Apr-35,10885400,119483,0,6367410,6367410,59887778
2035,5,May-35,8631060,-62457,0,6579657,6579657,62001638
2035,6,Jun-35,3920050,138491,0,6367410,6367410,59415787
2035,7,Jul-35,4342640,122198,0,6579657,6579657,57056572
2035,8,Aug-35,4141600,200948,0,6579657,6579657,54417567
2035,9,Sep-35,4251550,282414,0,6367410,6367410,52019294
2035,10,Oct-35,2478570,209095,0,6579657,6579657,47709113
2035,11,Nov-35,2287880,90000,0,6367410,6367410,43539583
2035,12,Dec-35,3799480,176000,0,6579657,6579657,40583406
2036,1,Jan-36,1452930,264000,0,6579657,6579657,35192679
2036,2,Feb-36,1259110,336000,0,5942916,5942916,30172873
2036,3,Mar-36,5153260,245718,0,6579657,6579657,28500758
2036,4,Apr-36,2736250,66000,0,6367410,6367410,24803598
2036,5,May-36,6398620,-34500,0,6579657,6579657,24657061
2036,6,Jun-36,6809220,76500,0,6367410,6367410,25022371
2036,7,Jul-36,3344420,67500,0,6579657,6579657,21719634
2036,8,Aug-36,2356000,111000,0,6579657,3448398,20516236
2036,9,Sep-36,2592320,156000,0,6367410,2797400,20155156
2036,10,Oct-36,1588400,115500,0,6579657,1581300,20046757
2036,11,Nov-36,1949700,67500,0,6367410,1914700,20014257
2036,12,Dec-36,2333550,132000,0,6579657,2211300,20004507
2037,1,Jan-37,18813700,198000,0,6579657,6579657,32040551
2037,2,Feb-37,4876570,336000,0,5942916,5942916,30638206
2037,3,Mar-37,2073770,270000,0,6579657,6579657,25862319
2037,4,Apr-37,1785070,66000,0,6367410,5822100,21759289
2037,5,May-37,19456300,-34500,0,6579657,6579657,34670432
2037,6,Jun-37,2712430,102000,0,6367410,6367410,30913452
2037,7,Jul-37,3089300,90000,0,6579657,6579657,27333095
2037,8,Aug-37,4509940,111000,0,6579657,6579657,25152379
2037,9,Sep-37,10124100,156000,0,6367410,6367410,28753069
2037,10,Oct-37,18741000,115500,0,6579657,6579657,40798913
2037,11,Nov-37,18929100,90000,0,6367410,6367410,53270603
2037,12,Dec-37,18924000,238966,375980,6579657,6579657,65000000
2038,1,Jan-38,8526390,358448,1588300,6579657,6579657,65000000
2038,2,Feb-38,2147670,456207,0,5942916,5942916,60748548
2038,3,Mar-38,1573910,366595,0,6579657,6579657,55376207
2038,4,Apr-38,15607900,119483,0,6367410,6367410,64497215
2038,5,May-38,13040100,-62457,6020100,6579657,6579657,65000000
2038,6,Jun-38,10054400,138491,3548500,6367410,6367410,65000000
2038,7,Jul-38,3638970,122198,0,6579657,6579657,61937115
2038,8,Aug-38,4990420,200948,0,6579657,6579657,60146930
2038,9,Sep-38,3038640,282414,0,6367410,6367410,56535747
2038,10,Oct-38,3391280,209095,0,6579657,6579657,53138276
2038,11,Nov-38,7100540,122198,0,6367410,6367410,53749208
2038,12,Dec-38,3619390,238966,0,6579657,6579657,50549976
2039,1,Jan-39,4937960,358448,0,6579657,6579657,48549831
2039,2,Feb-39,1538460,336000,0,5942916,5942916,43809375
2039,3,Mar-39,1738930,270000,0,6579657,6579657,38698648
2039,4,Apr-39,3402590,88000,0,6367410,6367410,35645828
2039,5,May-39,4136030,-46000,0,6579657,6579657,33248201
2039,6,Jun-39,4274740,102000,0,6367410,6367410,31053531
2039,7,Jul-39,5119450,90000,0,6579657,6579657,29503324
2039,8,Aug-39,2113130,111000,0,6579657,6579657,24925798
2039,9,Sep-39,1953920,156000,0,6367410,5245400,21478318
2039,10,Oct-39,1566000,115500,0,6579657,2485000,20443819
2039,11,Nov-39,3055430,67500,0,6367410,3298200,20133549
2039,12,Dec-39,1463760,132000,0,6579657,1425100,20040209
2040,1,Jan-40,2005590,198000,0,6579657,1835500,20012299
2040,2,Feb-40,888111,252000,0,5942916,644650,20003761
2040,3,Mar-40,581897,202500,0,6579657,381990,20001168
2040,4,Apr-40,6064530,66000,0,6367410,5998737,20000961
2040,5,May-40,7288710,-34500,0,6579657,6579657,20744514
2040,6,Jun-40,5067340,76500,0,6367410,5511400,20223954
2040,7,Jul-40,4327840,67500,0,6579657,4416600,20067694
2040,8,Aug-40,1805220,111000,0,6579657,1741400,20020515
2040,9,Sep-40,2897530,156000,0,6367410,2755600,20006446
2040,10,Oct-40,1928460,115500,0,6579657,1817200,20002207
2040,11,Nov-40,2261460,67500,0,6367410,2195200,20000967
2040,12,Dec-40,2717580,132000,0,6579657,2585900,20000647
2041,1,Jan-41,12183200,198000,0,6579657,6579657,25406190
2041,2,Feb-41,1961880,252000,0,5942916,5493600,21622471
2041,3,Mar-41,750995,202500,0,6579657,1684000,20486967
2041,4,Apr-41,1948580,66000,0,6367410,2223200,20146347
2041,5,May-41,3159020,-34500,0,6579657,3295600,20044267
2041,6,Jun-41,3098630,76500,0,6367410,3052800,20013597
2041,7,Jul-41,4188920,67500,0,6579657,4130500,20004517
2041,8,Aug-41,4352520,111000,0,6579657,4244200,20001838
2041,9,Sep-41,3548070,156000,0,6367410,3393000,20000908
2041,10,Oct-41,2486860,115500,0,6579657,2371700,20000569
2041,11,Nov-41,3847720,67500,0,6367410,3780200,20000589
2041,12,Dec-41,3211060,132000,0,6579657,3079100,20000549
2042,1,Jan-42,2280380,198000,0,6579657,2082500,20000430
2042,2,Feb-42,963386,252000,0,5942916,711610,20000207
2042,3,Mar-42,2697670,202500,0,6579657,2495006,20000372
2042,4,Apr-42,5572330,66000,0,6367410,5506000,20000702
2042,5,May-42,2624490,-34500,0,6579657,2659200,20000492
2042,6,Jun-42,2261730,76500,0,6367410,2185300,20000422
2042,7,Jul-42,1498420,67500,0,6579657,1431000,20000342
2042,8,Aug-42,2401170,111000,0,6579657,2290100,20000413
2042,9,Sep-42,4637480,156000,0,6367410,4481300,20000594
2042,10,Oct-42,18320100,115500,0,6579657,6579657,31625537
2042,11,Nov-42,34876100,90000,0,6367410,6367410,60044227
2042,12,Dec-42,28331700,238966,16557000,6579657,6579657,65000000
2043,1,Jan-43,28577100,358448,21639000,6579657,6579657,65000000
2043,2,Feb-43,2963820,456207,0,5942916,5942916,61564698
2043,3,Mar-43,25095400,366595,14714000,6579657,6579657,65000000
2043,4,Apr-43,41731100,119483,35244000,6367410,6367410,65000000
2043,5,May-43,24639100,-62457,18122000,6579657,6579657,65000000
2043,6,Jun-43,13348300,138491,6842400,6367410,6367410,65000000
2043,7,Jul-43,8610680,122198,1908800,6579657,6579657,65000000
2043,8,Aug-43,7000830,200948,220230,6579657,6579657,65000000
2043,9,Sep-43,5907200,282414,0,6367410,6367410,64257377
2043,10,Oct-43,5921560,209095,0,6579657,6579657,63390186
2043,11,Nov-43,23603700,122198,15504000,6367410,6367410,65000000
2043,12,Dec-43,44135100,238966,37316000,6579657,6579657,65000000
2044,1,Jan-44,90516800,358448,83579000,6579657,6579657,65000000
2044,2,Feb-44,16593400,456207,10194000,5942916,5942916,65000000
2044,3,Mar-44,31946200,366595,25000000,6579657,6579657,65000000
2044,4,Apr-44,37656500,119483,31170000,6367410,6367410,65000000
2044,5,May-44,57523900,-62457,51007000,6579657,6579657,65000000
2044,6,Jun-44,23769000,138491,17263000,6367410,6367410,65000000
2044,7,Jul-44,17279500,122198,10578000,6579657,6579657,65000000
2044,8,Aug-44,10440100,200948,3659500,6579657,6579657,65000000
2044,9,Sep-44,11935400,282414,5285600,6367410,6367410,65000000
2044,10,Oct-44,7202480,209095,413730,6579657,6579657,65000000
2044,11,Nov-44,11912900,122198,5423300,6367410,6367410,65000000
2044,12,Dec-44,12890900,238966,6072300,6579657,6579657,65000000
2045,1,Jan-45,5290880,358448,0,6579657,6579657,63352775
2045,2,Feb-45,3625270,456207,0,5942916,5942916,60578923
2045,3,Mar-45,1520070,366595,0,6579657,6579657,55152742
2045,4,Apr-45,2651100,119483,0,6367410,6367410,51316950
2045,5,May-45,3783850,-62457,0,6579657,6579657,48583600
2045,6,Jun-45,2919400,102000,0,6367410,6367410,45033590
2045,7,Jul-45,2805490,90000,0,6579657,6579657,41169423
2045,8,Aug-45,6705800,148000,0,6579657,6579657,41147567
2045,9,Sep-45,3176110,208000,0,6367410,6367410,37748267
2045,10,Oct-45,1896250,154000,0,6579657,6579657,32910860
2045,11,Nov-45,5440230,90000,0,6367410,6367410,31893680
2045,12,Dec-45,3156660,176000,0,6579657,6579657,28294683
2046,1,Jan-46,3743640,198000,0,6579657,6579657,25260666
2046,2,Feb-46,1179720,252000,0,5942916,4609700,21578687
2046,3,Mar-46,33679000,202500,0,6579657,6579657,48475531
2046,4,Apr-46,15959700,88000,0,6367410,6367410,57979821
2046,5,May-46,10071700,-62457,0,6579657,6579657,61534321
2046,6,Jun-46,5230230,138491,0,6367410,6367410,60258650
2046,7,Jul-46,4089820,122198,0,6579657,6579657,57646615
2046,8,Aug-46,6498660,200948,0,6579657,6579657,57364670
2046,9,Sep-46,4000070,282414,0,6367410,6367410,54714917
2046,10,Oct-46,6332780,209095,0,6579657,6579657,54258946
2046,11,Nov-46,5267500,122198,0,6367410,6367410,53036838
2046,12,Dec-46,14553300,238966,0,6579657,6579657,60771516
2047,1,Jan-47,2549740,358448,0,6579657,6579657,56383151
2047,2,Feb-47,1510410,456207,0,5942916,5942916,51494439
2047,3,Mar-47,6715440,366595,0,6579657,6579657,51263628
2047,4,Apr-47,15716400,119483,0,6367410,6367410,60493136
2047,5,May-47,44319000,-62457,33295000,6579657,6579657,65000000
2047,6,Jun-47,13622500,138491,7116600,6367410,6367410,65000000
2047,7,Jul-47,16152100,122198,9450200,6579657,6579657,65000000
2047,8,Aug-47,7532990,200948,752390,6579657,6579657,65000000
2047,9,Sep-47,10228700,282414,3578900,6367410,6367410,65000000
2047,10,Oct-47,22009600,209095,15221000,6579657,6579657,65000000
2047,11,Nov-47,23333900,122198,16844000,6367410,6367410,65000000
2047,12,Dec-47,21092600,238966,14274000,6579657,6579657,65000000
2048,1,Jan-48,3431290,358448,0,6579657,6579657,61493185
2048,2,Feb-48,7530740,456207,0,5942916,5942916,62624803
2048,3,Mar-48,2768900,366595,0,6579657,6579657,58447452
2048,4,Apr-48,8591140,119483,0,6367410,6367410,60551700
2048,5,May-48,44276700,-62457,33311000,6579657,6579657,65000000
2048,6,Jun-48,19634500,138491,13129000,6367410,6367410,65000000
2048,7,Jul-48,15023800,122198,8321900,6579657,6579657,65000000
2048,8,Aug-48,7756970,200948,976370,6579657,6579657,65000000
2048,9,Sep-48,8923670,282414,2273800,6367410,6367410,65000000
2048,10,Oct-48,4957490,209095,0,6579657,6579657,63168739
2048,11,Nov-48,5546390,122198,0,6367410,6367410,62225521
2048,12,Dec-48,5345440,238966,0,6579657,6579657,60752339
2049,1,Jan-49,2604640,358448,0,6579657,6579657,56418874
2049,2,Feb-49,2180650,456207,0,5942916,5942916,52200402
2049,3,Mar-49,1061520,366595,0,6579657,6579657,46315671
2049,4,Apr-49,15468200,88000,0,6367410,6367410,55328461
2049,5,May-49,9160700,-62457,0,6579657,6579657,57971961
2049,6,Jun-49,8670210,138491,0,6367410,6367410,60136270
2049,7,Jul-49,5770300,122198,0,6579657,6579657,59204715
2049,8,Aug-49,3173800,200948,0,6579657,6579657,55597910
2049,9,Sep-49,3496730,282414,0,6367410,6367410,52444817
2049,10,Oct-49,10033200,209095,0,6579657,6579657,55689266
2049,11,Nov-49,17685700,122198,1885400,6367410,6367410,65000000
2049,12,Dec-49,16602400,238966,9783800,6579657,6579657,65000000
2050,1,Jan-50,3409220,358448,0,6579657,6579657,61471115
2050,2,Feb-50,8448410,456207,0,5942916,5942916,63520403
2050,3,Mar-50,3711100,366595,0,6579657,6579657,60285252
2050,4,Apr-50,26208000,119483,15006000,6367410,6367410,65000000
2050,5,May-50,14946200,-62457,8429000,6579657,6579657,65000000
2050,6,Jun-50,5047740,138491,0,6367410,6367410,63541839
2050,7,Jul-50,6936740,122198,0,6579657,6579657,63776724
2050,8,Aug-50,4557940,200948,0,6579657,6579657,61554059
2050,9,Sep-50,3575460,282414,0,6367410,6367410,58479696
2050,10,Oct-50,2987170,209095,0,6579657,6579657,54678115
2050,11,Nov-50,9919920,122198,0,6367410,6367410,58108427
2050,12,Dec-50,9949000,238966,0,6579657,6579657,61238805
2051,1,Jan-51,4789150,358448,0,6579657,6579657,59089850
2051,2,Feb-51,1667680,456207,0,5942916,5942916,54358408
2051,3,Mar-51,2493910,366595,0,6579657,6579657,49906067
2051,4,Apr-51,18846300,88000,0,6367410,6367410,62296957
2051,5,May-51,24299000,-62457,15079000,6579657,6579657,65000000
2051,6,Jun-51,5486130,138491,0,6367410,6367410,63980229
2051,7,Jul-51,4159190,122198,0,6579657,6579657,61437564
2051,8,Aug-51,5194390,200948,0,6579657,6579657,59851349
2051,9,Sep-51,3476450,282414,0,6367410,6367410,56677976
2051,10,Oct-51,3065840,209095,0,6579657,6579657,52955065
2051,11,Nov-51,4770690,122198,0,6367410,6367410,51236147
2051,12,Dec-51,14064500,238966,0,6579657,6579657,58482025
2052,1,Jan-52,6999250,358448,0,6579657,6579657,58543170
2052,2,Feb-52,1653960,456207,0,5942916,5942916,53798008
2052,3,Mar-52,514405,366595,0,6579657,6579657,47366162
2052,4,Apr-52,6101170,88000,0,6367410,6367410,47011922
2052,5,May-52,11791400,-46000,0,6579657,6579657,52269665
2052,6,Jun-52,3568550,138491,0,6367410,6367410,49332314
2052,7,Jul-52,5041080,90000,0,6579657,6579657,47703737
2052,8,Aug-52,9346150,148000,0,6579657,6579657,50322231
2052,9,Sep-52,3728500,282414,0,6367410,6367410,47400908
2052,10,Oct-52,2553150,154000,0,6579657,6579657,43220402
2052,11,Nov-52,3096350,90000,0,6367410,6367410,39859342
2052,12,Dec-52,2266510,176000,0,6579657,6579657,35370195
2053,1,Jan-53,3657440,264000,0,6579657,6579657,32183979
2053,2,Feb-53,1340170,336000,0,5942916,5942916,27245233
2053,3,Mar-53,3911440,202500,0,6579657,6579657,24374517
2053,4,Apr-53,15171600,66000,0,6367410,6367410,33112707
2053,5,May-53,3196720,-46000,0,6579657,6579657,29775770
2053,6,Jun-53,4694680,76500,0,6367410,6367410,28026540
2053,7,Jul-53,2583520,67500,0,6579657,6579657,23962903
2053,8,Aug-53,2481570,111000,0,6579657,5144000,21189474
2053,9,Sep-53,2775320,156000,0,6367410,3451600,20357194
2053,10,Oct-53,1903840,115500,0,6579657,2038100,20107434
2053,11,Nov-53,6560590,67500,0,6367410,6367410,20233114
2053,12,Dec-53,11941000,132000,0,6579657,6579657,25462457
2054,1,Jan-54,7888240,198000,0,6579657,6579657,26573040
2054,2,Feb-54,1061430,252000,0,5942916,5410000,21972471
2054,3,Mar-54,8467490,202500,0,6579657,6579657,23657804
2054,4,Apr-54,11598600,66000,0,6367410,6367410,28822994
2054,5,May-54,6956600,-34500,0,6579657,6579657,29234437
2054,6,Jun-54,3632960,76500,0,6367410,6367410,26423487
2054,7,Jul-54,3042790,67500,0,6579657,6579657,22819120
2054,8,Aug-54,3438670,111000,0,6579657,5300500,20846291
2054,9,Sep-54,2555280,156000,0,6367410,2991300,20254271
2054,10,Oct-54,4573370,115500,0,6579657,4635368,20076773
2054,11,Nov-54,13960200,67500,0,6367410,6367410,27602063
2054,12,Dec-54,15873900,132000,0,6579657,6579657,36764307
2055,1,Jan-55,12049300,264000,0,6579657,6579657,41969950
2055,2,Feb-55,9429010,336000,0,5942916,5942916,45120044
2055,3,Mar-55,37089900,270000,10360000,6579657,6579657,65000000
2055,4,Apr-55,15852200,119483,9365300,6367410,6367410,65000000
2055,5,May-55,9331940,-62457,2814700,6579657,6579657,65000000
2055,6,Jun-55,5976580,138491,0,6367410,6367410,64470679
2055,7,Jul-55,3671160,122198,0,6579657,6579657,61439984
2055,8,Aug-55,3310200,200948,0,6579657,6579657,57969579
2055,9,Sep-55,3509710,282414,0,6367410,6367410,54829466
2055,10,Oct-55,6129580,209095,0,6579657,6579657,54170295
2055,11,Nov-55,5919070,122198,0,6367410,6367410,53599757
2055,12,Dec-55,20993600,238966,2774700,6579657,6579657,65000000
2056,1,Jan-56,7894230,358448,956130,6579657,6579657,65000000
2056,2,Feb-56,2031030,456207,0,5942916,5942916,60631908
2056,3,Mar-56,7433600,366595,0,6579657,6579657,61119257
2056,4,Apr-56,3991070,119483,0,6367410,6367410,58623435
2056,5,May-56,21736000,-62457,8842200,6579657,6579657,65000000
2056,6,Jun-56,9477050,138491,2971100,6367410,6367410,65000000
2056,7,Jul-56,9926880,122198,3225000,6579657,6579657,65000000
2056,8,Aug-56,10357600,200948,3577000,6579657,6579657,65000000
2056,9,Sep-56,3873420,282414,0,6367410,6367410,62223597
2056,10,Oct-56,5187400,209095,0,6579657,6579657,60622246
2056,11,Nov-56,5532320,122198,0,6367410,6367410,59664958
2056,12,Dec-56,8190930,238966,0,6579657,6579657,61037266
2057,1,Jan-57,2332720,358448,0,6579657,6579657,56431881
2057,2,Feb-57,1898120,456207,0,5942916,5942916,51930879
2057,3,Mar-57,1825740,366595,0,6579657,6579657,46810368
2057,4,Apr-57,6241250,88000,0,6367410,6367410,46596208
2057,5,May-57,7299520,-46000,0,6579657,6579657,47362071
2057,6,Jun-57,3902540,102000,0,6367410,6367410,44795201
2057,7,Jul-57,5211040,90000,0,6579657,6579657,43336584
2057,8,Aug-57,2647650,148000,0,6579657,6579657,39256578
2057,9,Sep-57,2259420,208000,0,6367410,6367410,34940589
2057,10,Oct-57,1963490,154000,0,6579657,6579657,30170423
2057,11,Nov-57,13106900,90000,0,6367410,6367410,36819913
2057,12,Dec-57,19962300,176000,0,6579657,6579657,50026556
2058,1,Jan-58,51436500,270997,29612000,6579657,6579657,65000000
2058,2,Feb-58,2320700,456207,0,5942916,5942916,60921578
2058,3,Mar-58,3988090,366595,0,6579657,6579657,57963417
2058,4,Apr-58,8018810,119483,0,6367410,6367410,59495335
2058,5,May-58,9940650,-62457,0,6579657,6579657,62918785
2058,6,Jun-58,6527220,138491,0,6367410,6367410,62940104
2058,7,Jul-58,3812560,122198,0,6579657,6579657,60050809
2058,8,Aug-58,3440060,200948,0,6579657,6579657,56710264
2058,9,Sep-58,3114160,282414,0,6367410,6367410,53174601
2058,10,Oct-58,3521470,209095,0,6579657,6579657,49907320
2058,11,Nov-58,5289660,90000,0,6367410,6367410,48739570
2058,12,Dec-58,6357660,176000,0,6579657,6579657,48341573
2059,1,Jan-59,2084840,264000,0,6579657,6579657,43582757
2059,2,Feb-59,1314670,336000,0,5942916,5942916,38618511
2059,3,Mar-59,2136270,270000,0,6579657,6579657,33905124
2059,4,Apr-59,14940100,88000,0,6367410,6367410,42389814
2059,5,May-59,17612000,-46000,0,6579657,6579657,53468157
2059,6,Jun-59,6688110,138491,0,6367410,6367410,53650366
2059,7,Jul-59,9793830,122198,0,6579657,6579657,56742341
2059,8,Aug-59,5143390,200948,0,6579657,6579657,55105126
2059,9,Sep-59,10516400,282414,0,6367410,6367410,58971703
2059,10,Oct-59,6816910,209095,0,6579657,6579657,58999862
2059,11,Nov-59,26745400,122198,14256000,6367410,6367410,65000000
2059,12,Dec-59,52016800,238966,45198000,6579657,6579657,65000000
2060,1,Jan-60,5251330,358448,0,6579657,6579657,63313225
2060,2,Feb-60,6502940,456207,0,5942916,5942916,63417043
2060,3,Mar-60,11207900,366595,2678700,6579657,6579657,65000000
2060,4,Apr-60,18490500,119483,12004000,6367410,6367410,65000000
2060,5,May-60,21724900,-62457,15208000,6579657,6579657,65000000
